行政区划代码,省,市,县/区,省代码,市代码,县/区代码,
110101,北京市,北京市,东城区,11,01,01,
110102,北京市,北京市,西城区,11,01,02,
110105,北京市,北京市,朝阳区,11,01,05,
110106,北京市,北京市,丰台区,11,01,06,
110107,北京市,北京市,石景山区,11,01,07,
110108,北京市,北京市,海淀区,11,01,08,
110109,北京市,北京市,门头沟区,11,01,09,
110111,北京市,北京市,房山区,11,01,11,
110112,北京市,北京市,通州区,11,01,12,
110113,北京市,北京市,顺义区,11,01,13,
110114,北京市,北京市,昌平区,11,01,14,
110115,北京市,北京市,大兴区,11,01,15,
110116,北京市,北京市,怀柔区,11,01,16,
110117,北京市,北京市,平谷区,11,01,17,
110118,北京市,北京市,密云区,11,01,18,
110119,北京市,北京市,延庆区,11,01,19,
120101,天津市,天津市,和平区,12,01,01,
120102,天津市,天津市,河东区,12,01,02,
120103,天津市,天津市,河西区,12,01,03,
120104,天津市,天津市,南开区,12,01,04,
120105,天津市,天津市,河北区,12,01,05,
120106,天津市,天津市,红桥区,12,01,06,
120110,天津市,天津市,东丽区,12,01,10,
120111,天津市,天津市,西青区,12,01,11,
120112,天津市,天津市,津南区,12,01,12,
120113,天津市,天津市,北辰区,12,01,13,
120114,天津市,天津市,武清区,12,01,14,
120115,天津市,天津市,宝坻区,12,01,15,
120116,天津市,天津市,滨海新区,12,01,16,
120117,天津市,天津市,宁河区,12,01,17,
120118,天津市,天津市,静海区,12,01,18,
120119,天津市,天津市,蓟州区,12,01,19,
130102,河北省,石家庄市,长安区,13,01,02,
130104,河北省,石家庄市,桥西区,13,01,04,
130105,河北省,石家庄市,新华区,13,01,05,
130107,河北省,石家庄市,井陉矿区,13,01,07,
130108,河北省,石家庄市,裕华区,13,01,08,
130109,河北省,石家庄市,藁城区,13,01,09,
130110,河北省,石家庄市,鹿泉区,13,01,10,
130111,河北省,石家庄市,栾城区,13,01,11,
130121,河北省,石家庄市,井陉县,13,01,21,
130123,河北省,石家庄市,正定县,13,01,23,
130125,河北省,石家庄市,行唐县,13,01,25,
130126,河北省,石家庄市,灵寿县,13,01,26,
130127,河北省,石家庄市,高邑县,13,01,27,
130128,河北省,石家庄市,深泽县,13,01,28,
130129,河北省,石家庄市,赞皇县,13,01,29,
130130,河北省,石家庄市,无极县,13,01,30,
130131,河北省,石家庄市,平山县,13,01,31,
130132,河北省,石家庄市,元氏县,13,01,32,
130133,河北省,石家庄市,赵县,13,01,33,
130181,河北省,石家庄市,辛集市,13,01,81,
130183,河北省,石家庄市,晋州市,13,01,83,
130184,河北省,石家庄市,新乐市,13,01,84,
130202,河北省,唐山市,路南区,13,02,02,
130203,河北省,唐山市,路北区,13,02,03,
130204,河北省,唐山市,古冶区,13,02,04,
130205,河北省,唐山市,开平区,13,02,05,
130207,河北省,唐山市,丰南区,13,02,07,
130208,河北省,唐山市,丰润区,13,02,08,
130209,河北省,唐山市,曹妃甸区,13,02,09,
130224,河北省,唐山市,滦南县,13,02,24,
130225,河北省,唐山市,乐亭县,13,02,25,
130227,河北省,唐山市,迁西县,13,02,27,
130229,河北省,唐山市,玉田县,13,02,29,
130281,河北省,唐山市,遵化市,13,02,81,
130283,河北省,唐山市,迁安市,13,02,83,
130284,河北省,唐山市,滦州市,13,02,84,
130302,河北省,秦皇岛市,海港区,13,03,02,
130303,河北省,秦皇岛市,山海关区,13,03,03,
130304,河北省,秦皇岛市,北戴河区,13,03,04,
130306,河北省,秦皇岛市,抚宁区,13,03,06,
130321,河北省,秦皇岛市,青龙满族自治县,13,03,21,
130322,河北省,秦皇岛市,昌黎县,13,03,22,
130324,河北省,秦皇岛市,卢龙县,13,03,24,
130402,河北省,邯郸市,邯山区,13,04,02,
130403,河北省,邯郸市,丛台区,13,04,03,
130404,河北省,邯郸市,复兴区,13,04,04,
130406,河北省,邯郸市,峰峰矿区,13,04,06,
130407,河北省,邯郸市,肥乡区,13,04,07,
130408,河北省,邯郸市,永年区,13,04,08,
130423,河北省,邯郸市,临漳县,13,04,23,
130424,河北省,邯郸市,成安县,13,04,24,
130425,河北省,邯郸市,大名县,13,04,25,
130426,河北省,邯郸市,涉县,13,04,26,
130427,河北省,邯郸市,磁县,13,04,27,
130430,河北省,邯郸市,邱县,13,04,30,
130431,河北省,邯郸市,鸡泽县,13,04,31,
130432,河北省,邯郸市,广平县,13,04,32,
130433,河北省,邯郸市,馆陶县,13,04,33,
130434,河北省,邯郸市,魏县,13,04,34,
130435,河北省,邯郸市,曲周县,13,04,35,
130481,河北省,邯郸市,武安市,13,04,81,
130502,河北省,邢台市,襄都区,13,05,02,
130503,河北省,邢台市,信都区,13,05,03,
130505,河北省,邢台市,任泽区,13,05,05,
130506,河北省,邢台市,南和区,13,05,06,
130522,河北省,邢台市,临城县,13,05,22,
130523,河北省,邢台市,内丘县,13,05,23,
130524,河北省,邢台市,柏乡县,13,05,24,
130525,河北省,邢台市,隆尧县,13,05,25,
130528,河北省,邢台市,宁晋县,13,05,28,
130529,河北省,邢台市,巨鹿县,13,05,29,
130530,河北省,邢台市,新河县,13,05,30,
130531,河北省,邢台市,广宗县,13,05,31,
130532,河北省,邢台市,平乡县,13,05,32,
130533,河北省,邢台市,威县,13,05,33,
130534,河北省,邢台市,清河县,13,05,34,
130535,河北省,邢台市,临西县,13,05,35,
130581,河北省,邢台市,南宫市,13,05,81,
130582,河北省,邢台市,沙河市,13,05,82,
130602,河北省,保定市,竞秀区,13,06,02,
130606,河北省,保定市,莲池区,13,06,06,
130607,河北省,保定市,满城区,13,06,07,
130608,河北省,保定市,清苑区,13,06,08,
130609,河北省,保定市,徐水区,13,06,09,
130623,河北省,保定市,涞水县,13,06,23,
130624,河北省,保定市,阜平县,13,06,24,
130626,河北省,保定市,定兴县,13,06,26,
130627,河北省,保定市,唐县,13,06,27,
130628,河北省,保定市,高阳县,13,06,28,
130629,河北省,保定市,容城县,13,06,29,
130630,河北省,保定市,涞源县,13,06,30,
130631,河北省,保定市,望都县,13,06,31,
130632,河北省,保定市,安新县,13,06,32,
130633,河北省,保定市,易县,13,06,33,
130634,河北省,保定市,曲阳县,13,06,34,
130635,河北省,保定市,蠡县,13,06,35,
130636,河北省,保定市,顺平县,13,06,36,
130637,河北省,保定市,博野县,13,06,37,
130638,河北省,保定市,雄县,13,06,38,
130681,河北省,保定市,涿州市,13,06,81,
130682,河北省,保定市,定州市,13,06,82,
130683,河北省,保定市,安国市,13,06,83,
130684,河北省,保定市,高碑店市,13,06,84,
130702,河北省,张家口市,桥东区,13,07,02,
130703,河北省,张家口市,桥西区,13,07,03,
130705,河北省,张家口市,宣化区,13,07,05,
130706,河北省,张家口市,下花园区,13,07,06,
130708,河北省,张家口市,万全区,13,07,08,
130709,河北省,张家口市,崇礼区,13,07,09,
130722,河北省,张家口市,张北县,13,07,22,
130723,河北省,张家口市,康保县,13,07,23,
130724,河北省,张家口市,沽源县,13,07,24,
130725,河北省,张家口市,尚义县,13,07,25,
130726,河北省,张家口市,蔚县,13,07,26,
130727,河北省,张家口市,阳原县,13,07,27,
130728,河北省,张家口市,怀安县,13,07,28,
130730,河北省,张家口市,怀来县,13,07,30,
130731,河北省,张家口市,涿鹿县,13,07,31,
130732,河北省,张家口市,赤城县,13,07,32,
130802,河北省,承德市,双桥区,13,08,02,
130803,河北省,承德市,双滦区,13,08,03,
130804,河北省,承德市,鹰手营子矿区,13,08,04,
130821,河北省,承德市,承德县,13,08,21,
130822,河北省,承德市,兴隆县,13,08,22,
130824,河北省,承德市,滦平县,13,08,24,
130825,河北省,承德市,隆化县,13,08,25,
130826,河北省,承德市,丰宁满族自治县,13,08,26,
130827,河北省,承德市,宽城满族自治县,13,08,27,
130828,河北省,承德市,围场满族蒙古族自治县,13,08,28,
130881,河北省,承德市,平泉市,13,08,81,
130902,河北省,沧州市,新华区,13,09,02,
130903,河北省,沧州市,运河区,13,09,03,
130921,河北省,沧州市,沧县,13,09,21,
130922,河北省,沧州市,青县,13,09,22,
130923,河北省,沧州市,东光县,13,09,23,
130924,河北省,沧州市,海兴县,13,09,24,
130925,河北省,沧州市,盐山县,13,09,25,
130926,河北省,沧州市,肃宁县,13,09,26,
130927,河北省,沧州市,南皮县,13,09,27,
130928,河北省,沧州市,吴桥县,13,09,28,
130929,河北省,沧州市,献县,13,09,29,
130930,河北省,沧州市,孟村回族自治县,13,09,30,
130981,河北省,沧州市,泊头市,13,09,81,
130982,河北省,沧州市,任丘市,13,09,82,
130983,河北省,沧州市,黄骅市,13,09,83,
130984,河北省,沧州市,河间市,13,09,84,
131002,河北省,廊坊市,安次区,13,10,02,
131003,河北省,廊坊市,广阳区,13,10,03,
131022,河北省,廊坊市,固安县,13,10,22,
131023,河北省,廊坊市,永清县,13,10,23,
131024,河北省,廊坊市,香河县,13,10,24,
131025,河北省,廊坊市,大城县,13,10,25,
131026,河北省,廊坊市,文安县,13,10,26,
131028,河北省,廊坊市,大厂回族自治县,13,10,28,
131081,河北省,廊坊市,霸州市,13,10,81,
131082,河北省,廊坊市,三河市,13,10,82,
131102,河北省,衡水市,桃城区,13,11,02,
131103,河北省,衡水市,冀州区,13,11,03,
131121,河北省,衡水市,枣强县,13,11,21,
131122,河北省,衡水市,武邑县,13,11,22,
131123,河北省,衡水市,武强县,13,11,23,
131124,河北省,衡水市,饶阳县,13,11,24,
131125,河北省,衡水市,安平县,13,11,25,
131126,河北省,衡水市,故城县,13,11,26,
131127,河北省,衡水市,景县,13,11,27,
131128,河北省,衡水市,阜城县,13,11,28,
131182,河北省,衡水市,深州市,13,11,82,
140105,山西省,太原市,小店区,14,01,05,
140106,山西省,太原市,迎泽区,14,01,06,
140107,山西省,太原市,杏花岭区,14,01,07,
140108,山西省,太原市,尖草坪区,14,01,08,
140109,山西省,太原市,万柏林区,14,01,09,
140110,山西省,太原市,晋源区,14,01,10,
140121,山西省,太原市,清徐县,14,01,21,
140122,山西省,太原市,阳曲县,14,01,22,
140123,山西省,太原市,娄烦县,14,01,23,
140181,山西省,太原市,古交市,14,01,81,
140212,山西省,大同市,新荣区,14,02,12,
140213,山西省,大同市,平城区,14,02,13,
140214,山西省,大同市,云冈区,14,02,14,
140215,山西省,大同市,云州区,14,02,15,
140221,山西省,大同市,阳高县,14,02,21,
140222,山西省,大同市,天镇县,14,02,22,
140223,山西省,大同市,广灵县,14,02,23,
140224,山西省,大同市,灵丘县,14,02,24,
140225,山西省,大同市,浑源县,14,02,25,
140226,山西省,大同市,左云县,14,02,26,
140302,山西省,阳泉市,城区,14,03,02,
140303,山西省,阳泉市,矿区,14,03,03,
140311,山西省,阳泉市,郊区,14,03,11,
140321,山西省,阳泉市,平定县,14,03,21,
140322,山西省,阳泉市,盂县,14,03,22,
140403,山西省,长治市,潞州区,14,04,03,
140404,山西省,长治市,上党区,14,04,04,
140405,山西省,长治市,屯留区,14,04,05,
140406,山西省,长治市,潞城区,14,04,06,
140423,山西省,长治市,襄垣县,14,04,23,
140425,山西省,长治市,平顺县,14,04,25,
140426,山西省,长治市,黎城县,14,04,26,
140427,山西省,长治市,壶关县,14,04,27,
140428,山西省,长治市,长子县,14,04,28,
140429,山西省,长治市,武乡县,14,04,29,
140430,山西省,长治市,沁县,14,04,30,
140431,山西省,长治市,沁源县,14,04,31,
140502,山西省,晋城市,城区,14,05,02,
140521,山西省,晋城市,沁水县,14,05,21,
140522,山西省,晋城市,阳城县,14,05,22,
140524,山西省,晋城市,陵川县,14,05,24,
140525,山西省,晋城市,泽州县,14,05,25,
140581,山西省,晋城市,高平市,14,05,81,
140602,山西省,朔州市,朔城区,14,06,02,
140603,山西省,朔州市,平鲁区,14,06,03,
140621,山西省,朔州市,山阴县,14,06,21,
140622,山西省,朔州市,应县,14,06,22,
140623,山西省,朔州市,右玉县,14,06,23,
140681,山西省,朔州市,怀仁市,14,06,81,
140702,山西省,晋中市,榆次区,14,07,02,
140703,山西省,晋中市,太谷区,14,07,03,
140721,山西省,晋中市,榆社县,14,07,21,
140722,山西省,晋中市,左权县,14,07,22,
140723,山西省,晋中市,和顺县,14,07,23,
140724,山西省,晋中市,昔阳县,14,07,24,
140725,山西省,晋中市,寿阳县,14,07,25,
140727,山西省,晋中市,祁县,14,07,27,
140728,山西省,晋中市,平遥县,14,07,28,
140729,山西省,晋中市,灵石县,14,07,29,
140781,山西省,晋中市,介休市,14,07,81,
140802,山西省,运城市,盐湖区,14,08,02,
140821,山西省,运城市,临猗县,14,08,21,
140822,山西省,运城市,万荣县,14,08,22,
140823,山西省,运城市,闻喜县,14,08,23,
140824,山西省,运城市,稷山县,14,08,24,
140825,山西省,运城市,新绛县,14,08,25,
140826,山西省,运城市,绛县,14,08,26,
140827,山西省,运城市,垣曲县,14,08,27,
140828,山西省,运城市,夏县,14,08,28,
140829,山西省,运城市,平陆县,14,08,29,
140830,山西省,运城市,芮城县,14,08,30,
140881,山西省,运城市,永济市,14,08,81,
140882,山西省,运城市,河津市,14,08,82,
140902,山西省,忻州市,忻府区,14,09,02,
140921,山西省,忻州市,定襄县,14,09,21,
140922,山西省,忻州市,五台县,14,09,22,
140923,山西省,忻州市,代县,14,09,23,
140924,山西省,忻州市,繁峙县,14,09,24,
140925,山西省,忻州市,宁武县,14,09,25,
140926,山西省,忻州市,静乐县,14,09,26,
140927,山西省,忻州市,神池县,14,09,27,
140928,山西省,忻州市,五寨县,14,09,28,
140929,山西省,忻州市,岢岚县,14,09,29,
140930,山西省,忻州市,河曲县,14,09,30,
140931,山西省,忻州市,保德县,14,09,31,
140932,山西省,忻州市,偏关县,14,09,32,
140981,山西省,忻州市,原平市,14,09,81,
141002,山西省,临汾市,尧都区,14,10,02,
141021,山西省,临汾市,曲沃县,14,10,21,
141022,山西省,临汾市,翼城县,14,10,22,
141023,山西省,临汾市,襄汾县,14,10,23,
141024,山西省,临汾市,洪洞县,14,10,24,
141025,山西省,临汾市,古县,14,10,25,
141026,山西省,临汾市,安泽县,14,10,26,
141027,山西省,临汾市,浮山县,14,10,27,
141028,山西省,临汾市,吉县,14,10,28,
141029,山西省,临汾市,乡宁县,14,10,29,
141030,山西省,临汾市,大宁县,14,10,30,
141031,山西省,临汾市,隰县,14,10,31,
141032,山西省,临汾市,永和县,14,10,32,
141033,山西省,临汾市,蒲县,14,10,33,
141034,山西省,临汾市,汾西县,14,10,34,
141081,山西省,临汾市,侯马市,14,10,81,
141082,山西省,临汾市,霍州市,14,10,82,
141102,山西省,吕梁市,离石区,14,11,02,
141121,山西省,吕梁市,文水县,14,11,21,
141122,山西省,吕梁市,交城县,14,11,22,
141123,山西省,吕梁市,兴县,14,11,23,
141124,山西省,吕梁市,临县,14,11,24,
141125,山西省,吕梁市,柳林县,14,11,25,
141126,山西省,吕梁市,石楼县,14,11,26,
141127,山西省,吕梁市,岚县,14,11,27,
141128,山西省,吕梁市,方山县,14,11,28,
141129,山西省,吕梁市,中阳县,14,11,29,
141130,山西省,吕梁市,交口县,14,11,30,
141181,山西省,吕梁市,孝义市,14,11,81,
141182,山西省,吕梁市,汾阳市,14,11,82,
150102,内蒙古自治区,呼和浩特市,新城区,15,01,02,
150103,内蒙古自治区,呼和浩特市,回民区,15,01,03,
150104,内蒙古自治区,呼和浩特市,玉泉区,15,01,04,
150105,内蒙古自治区,呼和浩特市,赛罕区,15,01,05,
150121,内蒙古自治区,呼和浩特市,土默特左旗,15,01,21,
150122,内蒙古自治区,呼和浩特市,托克托县,15,01,22,
150123,内蒙古自治区,呼和浩特市,和林格尔县,15,01,23,
150124,内蒙古自治区,呼和浩特市,清水河县,15,01,24,
150125,内蒙古自治区,呼和浩特市,武川县,15,01,25,
150202,内蒙古自治区,包头市,东河区,15,02,02,
150203,内蒙古自治区,包头市,昆都仑区,15,02,03,
150204,内蒙古自治区,包头市,青山区,15,02,04,
150205,内蒙古自治区,包头市,石拐区,15,02,05,
150206,内蒙古自治区,包头市,白云鄂博矿区,15,02,06,
150207,内蒙古自治区,包头市,九原区,15,02,07,
150221,内蒙古自治区,包头市,土默特右旗,15,02,21,
150222,内蒙古自治区,包头市,固阳县,15,02,22,
150223,内蒙古自治区,包头市,达尔罕茂明安联合旗,15,02,23,
150302,内蒙古自治区,乌海市,海勃湾区,15,03,02,
150303,内蒙古自治区,乌海市,海南区,15,03,03,
150304,内蒙古自治区,乌海市,乌达区,15,03,04,
150402,内蒙古自治区,赤峰市,红山区,15,04,02,
150403,内蒙古自治区,赤峰市,元宝山区,15,04,03,
150404,内蒙古自治区,赤峰市,松山区,15,04,04,
150421,内蒙古自治区,赤峰市,阿鲁科尔沁旗,15,04,21,
150422,内蒙古自治区,赤峰市,巴林左旗,15,04,22,
150423,内蒙古自治区,赤峰市,巴林右旗,15,04,23,
150424,内蒙古自治区,赤峰市,林西县,15,04,24,
150425,内蒙古自治区,赤峰市,克什克腾旗,15,04,25,
150426,内蒙古自治区,赤峰市,翁牛特旗,15,04,26,
150428,内蒙古自治区,赤峰市,喀喇沁旗,15,04,28,
150429,内蒙古自治区,赤峰市,宁城县,15,04,29,
150430,内蒙古自治区,赤峰市,敖汉旗,15,04,30,
150502,内蒙古自治区,通辽市,科尔沁区,15,05,02,
150521,内蒙古自治区,通辽市,科尔沁左翼中旗,15,05,21,
150522,内蒙古自治区,通辽市,科尔沁左翼后旗,15,05,22,
150523,内蒙古自治区,通辽市,开鲁县,15,05,23,
150524,内蒙古自治区,通辽市,库伦旗,15,05,24,
150525,内蒙古自治区,通辽市,奈曼旗,15,05,25,
150526,内蒙古自治区,通辽市,扎鲁特旗,15,05,26,
150581,内蒙古自治区,通辽市,霍林郭勒市,15,05,81,
150602,内蒙古自治区,鄂尔多斯市,东胜区,15,06,02,
150603,内蒙古自治区,鄂尔多斯市,康巴什区,15,06,03,
150621,内蒙古自治区,鄂尔多斯市,达拉特旗,15,06,21,
150622,内蒙古自治区,鄂尔多斯市,准格尔旗,15,06,22,
150623,内蒙古自治区,鄂尔多斯市,鄂托克前旗,15,06,23,
150624,内蒙古自治区,鄂尔多斯市,鄂托克旗,15,06,24,
150625,内蒙古自治区,鄂尔多斯市,杭锦旗,15,06,25,
150626,内蒙古自治区,鄂尔多斯市,乌审旗,15,06,26,
150627,内蒙古自治区,鄂尔多斯市,伊金霍洛旗,15,06,27,
150702,内蒙古自治区,呼伦贝尔市,海拉尔区,15,07,02,
150703,内蒙古自治区,呼伦贝尔市,扎赉诺尔区,15,07,03,
150721,内蒙古自治区,呼伦贝尔市,阿荣旗,15,07,21,
150722,内蒙古自治区,呼伦贝尔市,莫力达瓦达斡尔族自治旗,15,07,22,
150723,内蒙古自治区,呼伦贝尔市,鄂伦春自治旗,15,07,23,
150724,内蒙古自治区,呼伦贝尔市,鄂温克族自治旗,15,07,24,
150725,内蒙古自治区,呼伦贝尔市,陈巴尔虎旗,15,07,25,
150726,内蒙古自治区,呼伦贝尔市,新巴尔虎左旗,15,07,26,
150727,内蒙古自治区,呼伦贝尔市,新巴尔虎右旗,15,07,27,
150781,内蒙古自治区,呼伦贝尔市,满洲里市,15,07,81,
150782,内蒙古自治区,呼伦贝尔市,牙克石市,15,07,82,
150783,内蒙古自治区,呼伦贝尔市,扎兰屯市,15,07,83,
150784,内蒙古自治区,呼伦贝尔市,额尔古纳市,15,07,84,
150785,内蒙古自治区,呼伦贝尔市,根河市,15,07,85,
150802,内蒙古自治区,巴彦淖尔市,临河区,15,08,02,
150821,内蒙古自治区,巴彦淖尔市,五原县,15,08,21,
150822,内蒙古自治区,巴彦淖尔市,磴口县,15,08,22,
150823,内蒙古自治区,巴彦淖尔市,乌拉特前旗,15,08,23,
150824,内蒙古自治区,巴彦淖尔市,乌拉特中旗,15,08,24,
150825,内蒙古自治区,巴彦淖尔市,乌拉特后旗,15,08,25,
150826,内蒙古自治区,巴彦淖尔市,杭锦后旗,15,08,26,
150902,内蒙古自治区,乌兰察布市,集宁区,15,09,02,
150921,内蒙古自治区,乌兰察布市,卓资县,15,09,21,
150922,内蒙古自治区,乌兰察布市,化德县,15,09,22,
150923,内蒙古自治区,乌兰察布市,商都县,15,09,23,
150924,内蒙古自治区,乌兰察布市,兴和县,15,09,24,
150925,内蒙古自治区,乌兰察布市,凉城县,15,09,25,
150926,内蒙古自治区,乌兰察布市,察哈尔右翼前旗,15,09,26,
150927,内蒙古自治区,乌兰察布市,察哈尔右翼中旗,15,09,27,
150928,内蒙古自治区,乌兰察布市,察哈尔右翼后旗,15,09,28,
150929,内蒙古自治区,乌兰察布市,四子王旗,15,09,29,
150981,内蒙古自治区,乌兰察布市,丰镇市,15,09,81,
152201,内蒙古自治区,兴安盟,乌兰浩特市,15,22,01,
152202,内蒙古自治区,兴安盟,阿尔山市,15,22,02,
152221,内蒙古自治区,兴安盟,科尔沁右翼前旗,15,22,21,
152222,内蒙古自治区,兴安盟,科尔沁右翼中旗,15,22,22,
152223,内蒙古自治区,兴安盟,扎赉特旗,15,22,23,
152224,内蒙古自治区,兴安盟,突泉县,15,22,24,
152501,内蒙古自治区,锡林郭勒盟,二连浩特市,15,25,01,
152502,内蒙古自治区,锡林郭勒盟,锡林浩特市,15,25,02,
152522,内蒙古自治区,锡林郭勒盟,阿巴嘎旗,15,25,22,
152523,内蒙古自治区,锡林郭勒盟,苏尼特左旗,15,25,23,
152524,内蒙古自治区,锡林郭勒盟,苏尼特右旗,15,25,24,
152525,内蒙古自治区,锡林郭勒盟,东乌珠穆沁旗,15,25,25,
152526,内蒙古自治区,锡林郭勒盟,西乌珠穆沁旗,15,25,26,
152527,内蒙古自治区,锡林郭勒盟,太仆寺旗,15,25,27,
152528,内蒙古自治区,锡林郭勒盟,镶黄旗,15,25,28,
152529,内蒙古自治区,锡林郭勒盟,正镶白旗,15,25,29,
152530,内蒙古自治区,锡林郭勒盟,正蓝旗,15,25,30,
152531,内蒙古自治区,锡林郭勒盟,多伦县,15,25,31,
152921,内蒙古自治区,阿拉善盟,阿拉善左旗,15,29,21,
152922,内蒙古自治区,阿拉善盟,阿拉善右旗,15,29,22,
152923,内蒙古自治区,阿拉善盟,额济纳旗,15,29,23,
210102,辽宁省,沈阳市,和平区,21,01,02,
210103,辽宁省,沈阳市,沈河区,21,01,03,
210104,辽宁省,沈阳市,大东区,21,01,04,
210105,辽宁省,沈阳市,皇姑区,21,01,05,
210106,辽宁省,沈阳市,铁西区,21,01,06,
210111,辽宁省,沈阳市,苏家屯区,21,01,11,
210112,辽宁省,沈阳市,浑南区,21,01,12,
210113,辽宁省,沈阳市,沈北新区,21,01,13,
210114,辽宁省,沈阳市,于洪区,21,01,14,
210115,辽宁省,沈阳市,辽中区,21,01,15,
210123,辽宁省,沈阳市,康平县,21,01,23,
210124,辽宁省,沈阳市,法库县,21,01,24,
210181,辽宁省,沈阳市,新民市,21,01,81,
210202,辽宁省,大连市,中山区,21,02,02,
210203,辽宁省,大连市,西岗区,21,02,03,
210204,辽宁省,大连市,沙河口区,21,02,04,
210211,辽宁省,大连市,甘井子区,21,02,11,
210212,辽宁省,大连市,旅顺口区,21,02,12,
210213,辽宁省,大连市,金州区,21,02,13,
210214,辽宁省,大连市,普兰店区,21,02,14,
210224,辽宁省,大连市,长海县,21,02,24,
210281,辽宁省,大连市,瓦房店市,21,02,81,
210283,辽宁省,大连市,庄河市,21,02,83,
210302,辽宁省,鞍山市,铁东区,21,03,02,
210303,辽宁省,鞍山市,铁西区,21,03,03,
210304,辽宁省,鞍山市,立山区,21,03,04,
210311,辽宁省,鞍山市,千山区,21,03,11,
210321,辽宁省,鞍山市,台安县,21,03,21,
210323,辽宁省,鞍山市,岫岩满族自治县,21,03,23,
210381,辽宁省,鞍山市,海城市,21,03,81,
210402,辽宁省,抚顺市,新抚区,21,04,02,
210403,辽宁省,抚顺市,东洲区,21,04,03,
210404,辽宁省,抚顺市,望花区,21,04,04,
210411,辽宁省,抚顺市,顺城区,21,04,11,
210421,辽宁省,抚顺市,抚顺县,21,04,21,
210422,辽宁省,抚顺市,新宾满族自治县,21,04,22,
210423,辽宁省,抚顺市,清原满族自治县,21,04,23,
210502,辽宁省,本溪市,平山区,21,05,02,
210503,辽宁省,本溪市,溪湖区,21,05,03,
210504,辽宁省,本溪市,明山区,21,05,04,
210505,辽宁省,本溪市,南芬区,21,05,05,
210521,辽宁省,本溪市,本溪满族自治县,21,05,21,
210522,辽宁省,本溪市,桓仁满族自治县,21,05,22,
210602,辽宁省,丹东市,元宝区,21,06,02,
210603,辽宁省,丹东市,振兴区,21,06,03,
210604,辽宁省,丹东市,振安区,21,06,04,
210624,辽宁省,丹东市,宽甸满族自治县,21,06,24,
210681,辽宁省,丹东市,东港市,21,06,81,
210682,辽宁省,丹东市,凤城市,21,06,82,
210702,辽宁省,锦州市,古塔区,21,07,02,
210703,辽宁省,锦州市,凌河区,21,07,03,
210711,辽宁省,锦州市,太和区,21,07,11,
210726,辽宁省,锦州市,黑山县,21,07,26,
210727,辽宁省,锦州市,义县,21,07,27,
210781,辽宁省,锦州市,凌海市,21,07,81,
210782,辽宁省,锦州市,北镇市,21,07,82,
210802,辽宁省,营口市,站前区,21,08,02,
210803,辽宁省,营口市,西市区,21,08,03,
210804,辽宁省,营口市,鲅鱼圈区,21,08,04,
210811,辽宁省,营口市,老边区,21,08,11,
210881,辽宁省,营口市,盖州市,21,08,81,
210882,辽宁省,营口市,大石桥市,21,08,82,
210902,辽宁省,阜新市,海州区,21,09,02,
210903,辽宁省,阜新市,新邱区,21,09,03,
210904,辽宁省,阜新市,太平区,21,09,04,
210905,辽宁省,阜新市,清河门区,21,09,05,
210911,辽宁省,阜新市,细河区,21,09,11,
210921,辽宁省,阜新市,阜新蒙古族自治县,21,09,21,
210922,辽宁省,阜新市,彰武县,21,09,22,
211002,辽宁省,辽阳市,白塔区,21,10,02,
211003,辽宁省,辽阳市,文圣区,21,10,03,
211004,辽宁省,辽阳市,宏伟区,21,10,04,
211005,辽宁省,辽阳市,弓长岭区,21,10,05,
211011,辽宁省,辽阳市,太子河区,21,10,11,
211021,辽宁省,辽阳市,辽阳县,21,10,21,
211081,辽宁省,辽阳市,灯塔市,21,10,81,
211102,辽宁省,盘锦市,双台子区,21,11,02,
211103,辽宁省,盘锦市,兴隆台区,21,11,03,
211104,辽宁省,盘锦市,大洼区,21,11,04,
211122,辽宁省,盘锦市,盘山县,21,11,22,
211202,辽宁省,铁岭市,银州区,21,12,02,
211204,辽宁省,铁岭市,清河区,21,12,04,
211221,辽宁省,铁岭市,铁岭县,21,12,21,
211223,辽宁省,铁岭市,西丰县,21,12,23,
211224,辽宁省,铁岭市,昌图县,21,12,24,
211281,辽宁省,铁岭市,调兵山市,21,12,81,
211282,辽宁省,铁岭市,开原市,21,12,82,
211302,辽宁省,朝阳市,双塔区,21,13,02,
211303,辽宁省,朝阳市,龙城区,21,13,03,
211321,辽宁省,朝阳市,朝阳县,21,13,21,
211322,辽宁省,朝阳市,建平县,21,13,22,
211324,辽宁省,朝阳市,喀喇沁左翼蒙古族自治县,21,13,24,
211381,辽宁省,朝阳市,北票市,21,13,81,
211382,辽宁省,朝阳市,凌源市,21,13,82,
211402,辽宁省,葫芦岛市,连山区,21,14,02,
211403,辽宁省,葫芦岛市,龙港区,21,14,03,
211404,辽宁省,葫芦岛市,南票区,21,14,04,
211421,辽宁省,葫芦岛市,绥中县,21,14,21,
211422,辽宁省,葫芦岛市,建昌县,21,14,22,
211481,辽宁省,葫芦岛市,兴城市,21,14,81,
220102,吉林省,长春市,南关区,22,01,02,
220103,吉林省,长春市,宽城区,22,01,03,
220104,吉林省,长春市,朝阳区,22,01,04,
220105,吉林省,长春市,二道区,22,01,05,
220106,吉林省,长春市,绿园区,22,01,06,
220112,吉林省,长春市,双阳区,22,01,12,
220113,吉林省,长春市,九台区,22,01,13,
220122,吉林省,长春市,农安县,22,01,22,
220182,吉林省,长春市,榆树市,22,01,82,
220183,吉林省,长春市,德惠市,22,01,83,
220184,吉林省,长春市,公主岭市,22,01,84,
220202,吉林省,吉林市,昌邑区,22,02,02,
220203,吉林省,吉林市,龙潭区,22,02,03,
220204,吉林省,吉林市,船营区,22,02,04,
220211,吉林省,吉林市,丰满区,22,02,11,
220221,吉林省,吉林市,永吉县,22,02,21,
220281,吉林省,吉林市,蛟河市,22,02,81,
220282,吉林省,吉林市,桦甸市,22,02,82,
220283,吉林省,吉林市,舒兰市,22,02,83,
220284,吉林省,吉林市,磐石市,22,02,84,
220302,吉林省,四平市,铁西区,22,03,02,
220303,吉林省,四平市,铁东区,22,03,03,
220322,吉林省,四平市,梨树县,22,03,22,
220323,吉林省,四平市,伊通满族自治县,22,03,23,
220382,吉林省,四平市,双辽市,22,03,82,
220402,吉林省,辽源市,龙山区,22,04,02,
220403,吉林省,辽源市,西安区,22,04,03,
220421,吉林省,辽源市,东丰县,22,04,21,
220422,吉林省,辽源市,东辽县,22,04,22,
220502,吉林省,通化市,东昌区,22,05,02,
220503,吉林省,通化市,二道江区,22,05,03,
220521,吉林省,通化市,通化县,22,05,21,
220523,吉林省,通化市,辉南县,22,05,23,
220524,吉林省,通化市,柳河县,22,05,24,
220581,吉林省,通化市,梅河口市,22,05,81,
220582,吉林省,通化市,集安市,22,05,82,
220602,吉林省,白山市,浑江区,22,06,02,
220605,吉林省,白山市,江源区,22,06,05,
220621,吉林省,白山市,抚松县,22,06,21,
220622,吉林省,白山市,靖宇县,22,06,22,
220623,吉林省,白山市,长白朝鲜族自治县,22,06,23,
220681,吉林省,白山市,临江市,22,06,81,
220702,吉林省,松原市,宁江区,22,07,02,
220721,吉林省,松原市,前郭尔罗斯蒙古族自治县,22,07,21,
220722,吉林省,松原市,长岭县,22,07,22,
220723,吉林省,松原市,乾安县,22,07,23,
220781,吉林省,松原市,扶余市,22,07,81,
220802,吉林省,白城市,洮北区,22,08,02,
220821,吉林省,白城市,镇赉县,22,08,21,
220822,吉林省,白城市,通榆县,22,08,22,
220881,吉林省,白城市,洮南市,22,08,81,
220882,吉林省,白城市,大安市,22,08,82,
222401,吉林省,延边朝鲜族自治州,延吉市,22,24,01,
222402,吉林省,延边朝鲜族自治州,图们市,22,24,02,
222403,吉林省,延边朝鲜族自治州,敦化市,22,24,03,
222404,吉林省,延边朝鲜族自治州,珲春市,22,24,04,
222405,吉林省,延边朝鲜族自治州,龙井市,22,24,05,
222406,吉林省,延边朝鲜族自治州,和龙市,22,24,06,
222424,吉林省,延边朝鲜族自治州,汪清县,22,24,24,
222426,吉林省,延边朝鲜族自治州,安图县,22,24,26,
230102,黑龙江省,哈尔滨市,道里区,23,01,02,
230103,黑龙江省,哈尔滨市,南岗区,23,01,03,
230104,黑龙江省,哈尔滨市,道外区,23,01,04,
230108,黑龙江省,哈尔滨市,平房区,23,01,08,
230109,黑龙江省,哈尔滨市,松北区,23,01,09,
230110,黑龙江省,哈尔滨市,香坊区,23,01,10,
230111,黑龙江省,哈尔滨市,呼兰区,23,01,11,
230112,黑龙江省,哈尔滨市,阿城区,23,01,12,
230113,黑龙江省,哈尔滨市,双城区,23,01,13,
230123,黑龙江省,哈尔滨市,依兰县,23,01,23,
230124,黑龙江省,哈尔滨市,方正县,23,01,24,
230125,黑龙江省,哈尔滨市,宾县,23,01,25,
230126,黑龙江省,哈尔滨市,巴彦县,23,01,26,
230127,黑龙江省,哈尔滨市,木兰县,23,01,27,
230128,黑龙江省,哈尔滨市,通河县,23,01,28,
230129,黑龙江省,哈尔滨市,延寿县,23,01,29,
230183,黑龙江省,哈尔滨市,尚志市,23,01,83,
230184,黑龙江省,哈尔滨市,五常市,23,01,84,
230202,黑龙江省,齐齐哈尔市,龙沙区,23,02,02,
230203,黑龙江省,齐齐哈尔市,建华区,23,02,03,
230204,黑龙江省,齐齐哈尔市,铁锋区,23,02,04,
230205,黑龙江省,齐齐哈尔市,昂昂溪区,23,02,05,
230206,黑龙江省,齐齐哈尔市,富拉尔基区,23,02,06,
230207,黑龙江省,齐齐哈尔市,碾子山区,23,02,07,
230208,黑龙江省,齐齐哈尔市,梅里斯达斡尔族区,23,02,08,
230221,黑龙江省,齐齐哈尔市,龙江县,23,02,21,
230223,黑龙江省,齐齐哈尔市,依安县,23,02,23,
230224,黑龙江省,齐齐哈尔市,泰来县,23,02,24,
230225,黑龙江省,齐齐哈尔市,甘南县,23,02,25,
230227,黑龙江省,齐齐哈尔市,富裕县,23,02,27,
230229,黑龙江省,齐齐哈尔市,克山县,23,02,29,
230230,黑龙江省,齐齐哈尔市,克东县,23,02,30,
230231,黑龙江省,齐齐哈尔市,拜泉县,23,02,31,
230281,黑龙江省,齐齐哈尔市,讷河市,23,02,81,
230302,黑龙江省,鸡西市,鸡冠区,23,03,02,
230303,黑龙江省,鸡西市,恒山区,23,03,03,
230304,黑龙江省,鸡西市,滴道区,23,03,04,
230305,黑龙江省,鸡西市,梨树区,23,03,05,
230306,黑龙江省,鸡西市,城子河区,23,03,06,
230307,黑龙江省,鸡西市,麻山区,23,03,07,
230321,黑龙江省,鸡西市,鸡东县,23,03,21,
230381,黑龙江省,鸡西市,虎林市,23,03,81,
230382,黑龙江省,鸡西市,密山市,23,03,82,
230402,黑龙江省,鹤岗市,向阳区,23,04,02,
230403,黑龙江省,鹤岗市,工农区,23,04,03,
230404,黑龙江省,鹤岗市,南山区,23,04,04,
230405,黑龙江省,鹤岗市,兴安区,23,04,05,
230406,黑龙江省,鹤岗市,东山区,23,04,06,
230407,黑龙江省,鹤岗市,兴山区,23,04,07,
230421,黑龙江省,鹤岗市,萝北县,23,04,21,
230422,黑龙江省,鹤岗市,绥滨县,23,04,22,
230502,黑龙江省,双鸭山市,尖山区,23,05,02,
230503,黑龙江省,双鸭山市,岭东区,23,05,03,
230505,黑龙江省,双鸭山市,四方台区,23,05,05,
230506,黑龙江省,双鸭山市,宝山区,23,05,06,
230521,黑龙江省,双鸭山市,集贤县,23,05,21,
230522,黑龙江省,双鸭山市,友谊县,23,05,22,
230523,黑龙江省,双鸭山市,宝清县,23,05,23,
230524,黑龙江省,双鸭山市,饶河县,23,05,24,
230602,黑龙江省,大庆市,萨尔图区,23,06,02,
230603,黑龙江省,大庆市,龙凤区,23,06,03,
230604,黑龙江省,大庆市,让胡路区,23,06,04,
230605,黑龙江省,大庆市,红岗区,23,06,05,
230606,黑龙江省,大庆市,大同区,23,06,06,
230621,黑龙江省,大庆市,肇州县,23,06,21,
230622,黑龙江省,大庆市,肇源县,23,06,22,
230623,黑龙江省,大庆市,林甸县,23,06,23,
230624,黑龙江省,大庆市,杜尔伯特蒙古族自治县,23,06,24,
230717,黑龙江省,伊春市,伊美区,23,07,17,
230718,黑龙江省,伊春市,乌翠区,23,07,18,
230719,黑龙江省,伊春市,友好区,23,07,19,
230722,黑龙江省,伊春市,嘉荫县,23,07,22,
230723,黑龙江省,伊春市,汤旺县,23,07,23,
230724,黑龙江省,伊春市,丰林县,23,07,24,
230725,黑龙江省,伊春市,大箐山县,23,07,25,
230726,黑龙江省,伊春市,南岔县,23,07,26,
230751,黑龙江省,伊春市,金林区,23,07,51,
230781,黑龙江省,伊春市,铁力市,23,07,81,
230803,黑龙江省,佳木斯市,向阳区,23,08,03,
230804,黑龙江省,佳木斯市,前进区,23,08,04,
230805,黑龙江省,佳木斯市,东风区,23,08,05,
230811,黑龙江省,佳木斯市,郊区,23,08,11,
230822,黑龙江省,佳木斯市,桦南县,23,08,22,
230826,黑龙江省,佳木斯市,桦川县,23,08,26,
230828,黑龙江省,佳木斯市,汤原县,23,08,28,
230881,黑龙江省,佳木斯市,同江市,23,08,81,
230882,黑龙江省,佳木斯市,富锦市,23,08,82,
230883,黑龙江省,佳木斯市,抚远市,23,08,83,
230902,黑龙江省,七台河市,新兴区,23,09,02,
230903,黑龙江省,七台河市,桃山区,23,09,03,
230904,黑龙江省,七台河市,茄子河区,23,09,04,
230921,黑龙江省,七台河市,勃利县,23,09,21,
231002,黑龙江省,牡丹江市,东安区,23,10,02,
231003,黑龙江省,牡丹江市,阳明区,23,10,03,
231004,黑龙江省,牡丹江市,爱民区,23,10,04,
231005,黑龙江省,牡丹江市,西安区,23,10,05,
231025,黑龙江省,牡丹江市,林口县,23,10,25,
231081,黑龙江省,牡丹江市,绥芬河市,23,10,81,
231083,黑龙江省,牡丹江市,海林市,23,10,83,
231084,黑龙江省,牡丹江市,宁安市,23,10,84,
231085,黑龙江省,牡丹江市,穆棱市,23,10,85,
231086,黑龙江省,牡丹江市,东宁市,23,10,86,
231102,黑龙江省,黑河市,爱辉区,23,11,02,
231123,黑龙江省,黑河市,逊克县,23,11,23,
231124,黑龙江省,黑河市,孙吴县,23,11,24,
231181,黑龙江省,黑河市,北安市,23,11,81,
231182,黑龙江省,黑河市,五大连池市,23,11,82,
231183,黑龙江省,黑河市,嫩江市,23,11,83,
231202,黑龙江省,绥化市,北林区,23,12,02,
231221,黑龙江省,绥化市,望奎县,23,12,21,
231222,黑龙江省,绥化市,兰西县,23,12,22,
231223,黑龙江省,绥化市,青冈县,23,12,23,
231224,黑龙江省,绥化市,庆安县,23,12,24,
231225,黑龙江省,绥化市,明水县,23,12,25,
231226,黑龙江省,绥化市,绥棱县,23,12,26,
231281,黑龙江省,绥化市,安达市,23,12,81,
231282,黑龙江省,绥化市,肇东市,23,12,82,
231283,黑龙江省,绥化市,海伦市,23,12,83,
232701,黑龙江省,大兴安岭地区,漠河市,23,27,01,
232721,黑龙江省,大兴安岭地区,呼玛县,23,27,21,
232722,黑龙江省,大兴安岭地区,塔河县,23,27,22,
310101,上海市,上海市,黄浦区,31,01,01,
310104,上海市,上海市,徐汇区,31,01,04,
310105,上海市,上海市,长宁区,31,01,05,
310106,上海市,上海市,静安区,31,01,06,
310107,上海市,上海市,普陀区,31,01,07,
310109,上海市,上海市,虹口区,31,01,09,
310110,上海市,上海市,杨浦区,31,01,10,
310112,上海市,上海市,闵行区,31,01,12,
310113,上海市,上海市,宝山区,31,01,13,
310114,上海市,上海市,嘉定区,31,01,14,
310115,上海市,上海市,浦东新区,31,01,15,
310116,上海市,上海市,金山区,31,01,16,
310117,上海市,上海市,松江区,31,01,17,
310118,上海市,上海市,青浦区,31,01,18,
310120,上海市,上海市,奉贤区,31,01,20,
310151,上海市,上海市,崇明区,31,01,51,
320102,江苏省,南京市,玄武区,32,01,02,
320104,江苏省,南京市,秦淮区,32,01,04,
320105,江苏省,南京市,建邺区,32,01,05,
320106,江苏省,南京市,鼓楼区,32,01,06,
320111,江苏省,南京市,浦口区,32,01,11,
320113,江苏省,南京市,栖霞区,32,01,13,
320114,江苏省,南京市,雨花台区,32,01,14,
320115,江苏省,南京市,江宁区,32,01,15,
320116,江苏省,南京市,六合区,32,01,16,
320117,江苏省,南京市,溧水区,32,01,17,
320118,江苏省,南京市,高淳区,32,01,18,
320205,江苏省,无锡市,锡山区,32,02,05,
320206,江苏省,无锡市,惠山区,32,02,06,
320211,江苏省,无锡市,滨湖区,32,02,11,
320213,江苏省,无锡市,梁溪区,32,02,13,
320214,江苏省,无锡市,新吴区,32,02,14,
320281,江苏省,无锡市,江阴市,32,02,81,
320282,江苏省,无锡市,宜兴市,32,02,82,
320302,江苏省,徐州市,鼓楼区,32,03,02,
320303,江苏省,徐州市,云龙区,32,03,03,
320305,江苏省,徐州市,贾汪区,32,03,05,
320311,江苏省,徐州市,泉山区,32,03,11,
320312,江苏省,徐州市,铜山区,32,03,12,
320321,江苏省,徐州市,丰县,32,03,21,
320322,江苏省,徐州市,沛县,32,03,22,
320324,江苏省,徐州市,睢宁县,32,03,24,
320381,江苏省,徐州市,新沂市,32,03,81,
320382,江苏省,徐州市,邳州市,32,03,82,
320402,江苏省,常州市,天宁区,32,04,02,
320404,江苏省,常州市,钟楼区,32,04,04,
320411,江苏省,常州市,新北区,32,04,11,
320412,江苏省,常州市,武进区,32,04,12,
320413,江苏省,常州市,金坛区,32,04,13,
320481,江苏省,常州市,溧阳市,32,04,81,
320505,江苏省,苏州市,虎丘区,32,05,05,
320506,江苏省,苏州市,吴中区,32,05,06,
320507,江苏省,苏州市,相城区,32,05,07,
320508,江苏省,苏州市,姑苏区,32,05,08,
320509,江苏省,苏州市,吴江区,32,05,09,
320581,江苏省,苏州市,常熟市,32,05,81,
320582,江苏省,苏州市,张家港市,32,05,82,
320583,江苏省,苏州市,昆山市,32,05,83,
320585,江苏省,苏州市,太仓市,32,05,85,
320612,江苏省,南通市,通州区,32,06,12,
320613,江苏省,南通市,崇川区,32,06,13,
320614,江苏省,南通市,海门区,32,06,14,
320623,江苏省,南通市,如东县,32,06,23,
320681,江苏省,南通市,启东市,32,06,81,
320682,江苏省,南通市,如皋市,32,06,82,
320685,江苏省,南通市,海安市,32,06,85,
320703,江苏省,连云港市,连云区,32,07,03,
320706,江苏省,连云港市,海州区,32,07,06,
320707,江苏省,连云港市,赣榆区,32,07,07,
320722,江苏省,连云港市,东海县,32,07,22,
320723,江苏省,连云港市,灌云县,32,07,23,
320724,江苏省,连云港市,灌南县,32,07,24,
320803,江苏省,淮安市,淮安区,32,08,03,
320804,江苏省,淮安市,淮阴区,32,08,04,
320812,江苏省,淮安市,清江浦区,32,08,12,
320813,江苏省,淮安市,洪泽区,32,08,13,
320826,江苏省,淮安市,涟水县,32,08,26,
320830,江苏省,淮安市,盱眙县,32,08,30,
320831,江苏省,淮安市,金湖县,32,08,31,
320902,江苏省,盐城市,亭湖区,32,09,02,
320903,江苏省,盐城市,盐都区,32,09,03,
320904,江苏省,盐城市,大丰区,32,09,04,
320921,江苏省,盐城市,响水县,32,09,21,
320922,江苏省,盐城市,滨海县,32,09,22,
320923,江苏省,盐城市,阜宁县,32,09,23,
320924,江苏省,盐城市,射阳县,32,09,24,
320925,江苏省,盐城市,建湖县,32,09,25,
320981,江苏省,盐城市,东台市,32,09,81,
321002,江苏省,扬州市,广陵区,32,10,02,
321003,江苏省,扬州市,邗江区,32,10,03,
321012,江苏省,扬州市,江都区,32,10,12,
321023,江苏省,扬州市,宝应县,32,10,23,
321081,江苏省,扬州市,仪征市,32,10,81,
321084,江苏省,扬州市,高邮市,32,10,84,
321102,江苏省,镇江市,京口区,32,11,02,
321111,江苏省,镇江市,润州区,32,11,11,
321112,江苏省,镇江市,丹徒区,32,11,12,
321181,江苏省,镇江市,丹阳市,32,11,81,
321182,江苏省,镇江市,扬中市,32,11,82,
321183,江苏省,镇江市,句容市,32,11,83,
321202,江苏省,泰州市,海陵区,32,12,02,
321203,江苏省,泰州市,高港区,32,12,03,
321204,江苏省,泰州市,姜堰区,32,12,04,
321281,江苏省,泰州市,兴化市,32,12,81,
321282,江苏省,泰州市,靖江市,32,12,82,
321283,江苏省,泰州市,泰兴市,32,12,83,
321302,江苏省,宿迁市,宿城区,32,13,02,
321311,江苏省,宿迁市,宿豫区,32,13,11,
321322,江苏省,宿迁市,沭阳县,32,13,22,
321323,江苏省,宿迁市,泗阳县,32,13,23,
321324,江苏省,宿迁市,泗洪县,32,13,24,
330102,浙江省,杭州市,上城区,33,01,02,
330103,浙江省,杭州市,下城区,33,01,03,
330104,浙江省,杭州市,江干区,33,01,04,
330105,浙江省,杭州市,拱墅区,33,01,05,
330106,浙江省,杭州市,西湖区,33,01,06,
330108,浙江省,杭州市,滨江区,33,01,08,
330109,浙江省,杭州市,萧山区,33,01,09,
330110,浙江省,杭州市,余杭区,33,01,10,
330111,浙江省,杭州市,富阳区,33,01,11,
330112,浙江省,杭州市,临安区,33,01,12,
330122,浙江省,杭州市,桐庐县,33,01,22,
330127,浙江省,杭州市,淳安县,33,01,27,
330182,浙江省,杭州市,建德市,33,01,82,
330203,浙江省,宁波市,海曙区,33,02,03,
330205,浙江省,宁波市,江北区,33,02,05,
330206,浙江省,宁波市,北仑区,33,02,06,
330211,浙江省,宁波市,镇海区,33,02,11,
330212,浙江省,宁波市,鄞州区,33,02,12,
330213,浙江省,宁波市,奉化区,33,02,13,
330225,浙江省,宁波市,象山县,33,02,25,
330226,浙江省,宁波市,宁海县,33,02,26,
330281,浙江省,宁波市,余姚市,33,02,81,
330282,浙江省,宁波市,慈溪市,33,02,82,
330302,浙江省,温州市,鹿城区,33,03,02,
330303,浙江省,温州市,龙湾区,33,03,03,
330304,浙江省,温州市,瓯海区,33,03,04,
330305,浙江省,温州市,洞头区,33,03,05,
330324,浙江省,温州市,永嘉县,33,03,24,
330326,浙江省,温州市,平阳县,33,03,26,
330327,浙江省,温州市,苍南县,33,03,27,
330328,浙江省,温州市,文成县,33,03,28,
330329,浙江省,温州市,泰顺县,33,03,29,
330381,浙江省,温州市,瑞安市,33,03,81,
330382,浙江省,温州市,乐清市,33,03,82,
330383,浙江省,温州市,龙港市,33,03,83,
330402,浙江省,嘉兴市,南湖区,33,04,02,
330411,浙江省,嘉兴市,秀洲区,33,04,11,
330421,浙江省,嘉兴市,嘉善县,33,04,21,
330424,浙江省,嘉兴市,海盐县,33,04,24,
330481,浙江省,嘉兴市,海宁市,33,04,81,
330482,浙江省,嘉兴市,平湖市,33,04,82,
330483,浙江省,嘉兴市,桐乡市,33,04,83,
330502,浙江省,湖州市,吴兴区,33,05,02,
330503,浙江省,湖州市,南浔区,33,05,03,
330521,浙江省,湖州市,德清县,33,05,21,
330522,浙江省,湖州市,长兴县,33,05,22,
330523,浙江省,湖州市,安吉县,33,05,23,
330602,浙江省,绍兴市,越城区,33,06,02,
330603,浙江省,绍兴市,柯桥区,33,06,03,
330604,浙江省,绍兴市,上虞区,33,06,04,
330624,浙江省,绍兴市,新昌县,33,06,24,
330681,浙江省,绍兴市,诸暨市,33,06,81,
330683,浙江省,绍兴市,嵊州市,33,06,83,
330702,浙江省,金华市,婺城区,33,07,02,
330703,浙江省,金华市,金东区,33,07,03,
330723,浙江省,金华市,武义县,33,07,23,
330726,浙江省,金华市,浦江县,33,07,26,
330727,浙江省,金华市,磐安县,33,07,27,
330781,浙江省,金华市,兰溪市,33,07,81,
330782,浙江省,金华市,义乌市,33,07,82,
330783,浙江省,金华市,东阳市,33,07,83,
330784,浙江省,金华市,永康市,33,07,84,
330802,浙江省,衢州市,柯城区,33,08,02,
330803,浙江省,衢州市,衢江区,33,08,03,
330822,浙江省,衢州市,常山县,33,08,22,
330824,浙江省,衢州市,开化县,33,08,24,
330825,浙江省,衢州市,龙游县,33,08,25,
330881,浙江省,衢州市,江山市,33,08,81,
330902,浙江省,舟山市,定海区,33,09,02,
330903,浙江省,舟山市,普陀区,33,09,03,
330921,浙江省,舟山市,岱山县,33,09,21,
330922,浙江省,舟山市,嵊泗县,33,09,22,
331002,浙江省,台州市,椒江区,33,10,02,
331003,浙江省,台州市,黄岩区,33,10,03,
331004,浙江省,台州市,路桥区,33,10,04,
331022,浙江省,台州市,三门县,33,10,22,
331023,浙江省,台州市,天台县,33,10,23,
331024,浙江省,台州市,仙居县,33,10,24,
331081,浙江省,台州市,温岭市,33,10,81,
331082,浙江省,台州市,临海市,33,10,82,
331083,浙江省,台州市,玉环市,33,10,83,
331102,浙江省,丽水市,莲都区,33,11,02,
331121,浙江省,丽水市,青田县,33,11,21,
331122,浙江省,丽水市,缙云县,33,11,22,
331123,浙江省,丽水市,遂昌县,33,11,23,
331124,浙江省,丽水市,松阳县,33,11,24,
331125,浙江省,丽水市,云和县,33,11,25,
331126,浙江省,丽水市,庆元县,33,11,26,
331127,浙江省,丽水市,景宁畲族自治县,33,11,27,
331181,浙江省,丽水市,龙泉市,33,11,81,
340102,安徽省,合肥市,瑶海区,34,01,02,
340103,安徽省,合肥市,庐阳区,34,01,03,
340104,安徽省,合肥市,蜀山区,34,01,04,
340111,安徽省,合肥市,包河区,34,01,11,
340121,安徽省,合肥市,长丰县,34,01,21,
340122,安徽省,合肥市,肥东县,34,01,22,
340123,安徽省,合肥市,肥西县,34,01,23,
340124,安徽省,合肥市,庐江县,34,01,24,
340181,安徽省,合肥市,巢湖市,34,01,81,
340202,安徽省,芜湖市,镜湖区,34,02,02,
340207,安徽省,芜湖市,鸠江区,34,02,07,
340209,安徽省,芜湖市,弋江区,34,02,09,
340210,安徽省,芜湖市,湾b区,34,02,10,
340212,安徽省,芜湖市,繁昌区,34,02,12,
340223,安徽省,芜湖市,南陵县,34,02,23,
340281,安徽省,芜湖市,无为市,34,02,81,
340302,安徽省,蚌埠市,龙子湖区,34,03,02,
340303,安徽省,蚌埠市,蚌山区,34,03,03,
340304,安徽省,蚌埠市,禹会区,34,03,04,
340311,安徽省,蚌埠市,淮上区,34,03,11,
340321,安徽省,蚌埠市,怀远县,34,03,21,
340322,安徽省,蚌埠市,五河县,34,03,22,
340323,安徽省,蚌埠市,固镇县,34,03,23,
340402,安徽省,淮南市,大通区,34,04,02,
340403,安徽省,淮南市,田家庵区,34,04,03,
340404,安徽省,淮南市,谢家集区,34,04,04,
340405,安徽省,淮南市,八公山区,34,04,05,
340406,安徽省,淮南市,潘集区,34,04,06,
340421,安徽省,淮南市,凤台县,34,04,21,
340422,安徽省,淮南市,寿县,34,04,22,
340503,安徽省,马鞍山市,花山区,34,05,03,
340504,安徽省,马鞍山市,雨山区,34,05,04,
340506,安徽省,马鞍山市,博望区,34,05,06,
340521,安徽省,马鞍山市,当涂县,34,05,21,
340522,安徽省,马鞍山市,含山县,34,05,22,
340523,安徽省,马鞍山市,和县,34,05,23,
340602,安徽省,淮北市,杜集区,34,06,02,
340603,安徽省,淮北市,相山区,34,06,03,
340604,安徽省,淮北市,烈山区,34,06,04,
340621,安徽省,淮北市,濉溪县,34,06,21,
340705,安徽省,铜陵市,铜官区,34,07,05,
340706,安徽省,铜陵市,义安区,34,07,06,
340711,安徽省,铜陵市,郊区,34,07,11,
340722,安徽省,铜陵市,枞阳县,34,07,22,
340802,安徽省,安庆市,迎江区,34,08,02,
340803,安徽省,安庆市,大观区,34,08,03,
340811,安徽省,安庆市,宜秀区,34,08,11,
340822,安徽省,安庆市,怀宁县,34,08,22,
340825,安徽省,安庆市,太湖县,34,08,25,
340826,安徽省,安庆市,宿松县,34,08,26,
340827,安徽省,安庆市,望江县,34,08,27,
340828,安徽省,安庆市,岳西县,34,08,28,
340881,安徽省,安庆市,桐城市,34,08,81,
340882,安徽省,安庆市,潜山市,34,08,82,
341002,安徽省,黄山市,屯溪区,34,10,02,
341003,安徽省,黄山市,黄山区,34,10,03,
341004,安徽省,黄山市,徽州区,34,10,04,
341021,安徽省,黄山市,歙县,34,10,21,
341022,安徽省,黄山市,休宁县,34,10,22,
341023,安徽省,黄山市,黟县,34,10,23,
341024,安徽省,黄山市,祁门县,34,10,24,
341102,安徽省,滁州市,琅琊区,34,11,02,
341103,安徽省,滁州市,南谯区,34,11,03,
341122,安徽省,滁州市,来安县,34,11,22,
341124,安徽省,滁州市,全椒县,34,11,24,
341125,安徽省,滁州市,定远县,34,11,25,
341126,安徽省,滁州市,凤阳县,34,11,26,
341181,安徽省,滁州市,天长市,34,11,81,
341182,安徽省,滁州市,明光市,34,11,82,
341202,安徽省,阜阳市,颍州区,34,12,02,
341203,安徽省,阜阳市,颍东区,34,12,03,
341204,安徽省,阜阳市,颍泉区,34,12,04,
341221,安徽省,阜阳市,临泉县,34,12,21,
341222,安徽省,阜阳市,太和县,34,12,22,
341225,安徽省,阜阳市,阜南县,34,12,25,
341226,安徽省,阜阳市,颍上县,34,12,26,
341282,安徽省,阜阳市,界首市,34,12,82,
341302,安徽省,宿州市,桥区,34,13,02,
341321,安徽省,宿州市,砀山县,34,13,21,
341322,安徽省,宿州市,萧县,34,13,22,
341323,安徽省,宿州市,灵璧县,34,13,23,
341324,安徽省,宿州市,泗县,34,13,24,
341502,安徽省,六安市,金安区,34,15,02,
341503,安徽省,六安市,裕安区,34,15,03,
341504,安徽省,六安市,叶集区,34,15,04,
341522,安徽省,六安市,霍邱县,34,15,22,
341523,安徽省,六安市,舒城县,34,15,23,
341524,安徽省,六安市,金寨县,34,15,24,
341525,安徽省,六安市,霍山县,34,15,25,
341602,安徽省,亳州市,谯城区,34,16,02,
341621,安徽省,亳州市,涡阳县,34,16,21,
341622,安徽省,亳州市,蒙城县,34,16,22,
341623,安徽省,亳州市,利辛县,34,16,23,
341702,安徽省,池州市,贵池区,34,17,02,
341721,安徽省,池州市,东至县,34,17,21,
341722,安徽省,池州市,石台县,34,17,22,
341723,安徽省,池州市,青阳县,34,17,23,
341802,安徽省,宣城市,宣州区,34,18,02,
341821,安徽省,宣城市,郎溪县,34,18,21,
341823,安徽省,宣城市,泾县,34,18,23,
341824,安徽省,宣城市,绩溪县,34,18,24,
341825,安徽省,宣城市,旌德县,34,18,25,
341881,安徽省,宣城市,宁国市,34,18,81,
341882,安徽省,宣城市,广德市,34,18,82,
350102,福建省,福州市,鼓楼区,35,01,02,
350103,福建省,福州市,台江区,35,01,03,
350104,福建省,福州市,仓山区,35,01,04,
350105,福建省,福州市,马尾区,35,01,05,
350111,福建省,福州市,晋安区,35,01,11,
350112,福建省,福州市,长乐区,35,01,12,
350121,福建省,福州市,闽侯县,35,01,21,
350122,福建省,福州市,连江县,35,01,22,
350123,福建省,福州市,罗源县,35,01,23,
350124,福建省,福州市,闽清县,35,01,24,
350125,福建省,福州市,永泰县,35,01,25,
350128,福建省,福州市,平潭县,35,01,28,
350181,福建省,福州市,福清市,35,01,81,
350203,福建省,厦门市,思明区,35,02,03,
350205,福建省,厦门市,海沧区,35,02,05,
350206,福建省,厦门市,湖里区,35,02,06,
350211,福建省,厦门市,集美区,35,02,11,
350212,福建省,厦门市,同安区,35,02,12,
350213,福建省,厦门市,翔安区,35,02,13,
350302,福建省,莆田市,城厢区,35,03,02,
350303,福建省,莆田市,涵江区,35,03,03,
350304,福建省,莆田市,荔城区,35,03,04,
350305,福建省,莆田市,秀屿区,35,03,05,
350322,福建省,莆田市,仙游县,35,03,22,
350402,福建省,三明市,梅列区,35,04,02,
350403,福建省,三明市,三元区,35,04,03,
350421,福建省,三明市,明溪县,35,04,21,
350423,福建省,三明市,清流县,35,04,23,
350424,福建省,三明市,宁化县,35,04,24,
350425,福建省,三明市,大田县,35,04,25,
350426,福建省,三明市,尤溪县,35,04,26,
350427,福建省,三明市,沙县,35,04,27,
350428,福建省,三明市,将乐县,35,04,28,
350429,福建省,三明市,泰宁县,35,04,29,
350430,福建省,三明市,建宁县,35,04,30,
350481,福建省,三明市,永安市,35,04,81,
350502,福建省,泉州市,鲤城区,35,05,02,
350503,福建省,泉州市,丰泽区,35,05,03,
350504,福建省,泉州市,洛江区,35,05,04,
350505,福建省,泉州市,泉港区,35,05,05,
350521,福建省,泉州市,惠安县,35,05,21,
350524,福建省,泉州市,安溪县,35,05,24,
350525,福建省,泉州市,永春县,35,05,25,
350526,福建省,泉州市,德化县,35,05,26,
350527,福建省,泉州市,金门县,35,05,27,
350581,福建省,泉州市,石狮市,35,05,81,
350582,福建省,泉州市,晋江市,35,05,82,
350583,福建省,泉州市,南安市,35,05,83,
350602,福建省,漳州市,芗城区,35,06,02,
350603,福建省,漳州市,龙文区,35,06,03,
350622,福建省,漳州市,云霄县,35,06,22,
350623,福建省,漳州市,漳浦县,35,06,23,
350624,福建省,漳州市,诏安县,35,06,24,
350625,福建省,漳州市,长泰县,35,06,25,
350626,福建省,漳州市,东山县,35,06,26,
350627,福建省,漳州市,南靖县,35,06,27,
350628,福建省,漳州市,平和县,35,06,28,
350629,福建省,漳州市,华安县,35,06,29,
350681,福建省,漳州市,龙海市,35,06,81,
350702,福建省,南平市,延平区,35,07,02,
350703,福建省,南平市,建阳区,35,07,03,
350721,福建省,南平市,顺昌县,35,07,21,
350722,福建省,南平市,浦城县,35,07,22,
350723,福建省,南平市,光泽县,35,07,23,
350724,福建省,南平市,松溪县,35,07,24,
350725,福建省,南平市,政和县,35,07,25,
350781,福建省,南平市,邵武市,35,07,81,
350782,福建省,南平市,武夷山市,35,07,82,
350783,福建省,南平市,建瓯市,35,07,83,
350802,福建省,龙岩市,新罗区,35,08,02,
350803,福建省,龙岩市,永定区,35,08,03,
350821,福建省,龙岩市,长汀县,35,08,21,
350823,福建省,龙岩市,上杭县,35,08,23,
350824,福建省,龙岩市,武平县,35,08,24,
350825,福建省,龙岩市,连城县,35,08,25,
350881,福建省,龙岩市,漳平市,35,08,81,
350902,福建省,宁德市,蕉城区,35,09,02,
350921,福建省,宁德市,霞浦县,35,09,21,
350922,福建省,宁德市,古田县,35,09,22,
350923,福建省,宁德市,屏南县,35,09,23,
350924,福建省,宁德市,寿宁县,35,09,24,
350925,福建省,宁德市,周宁县,35,09,25,
350926,福建省,宁德市,柘荣县,35,09,26,
350981,福建省,宁德市,福安市,35,09,81,
350982,福建省,宁德市,福鼎市,35,09,82,
360102,江西省,南昌市,东湖区,36,01,02,
360103,江西省,南昌市,西湖区,36,01,03,
360104,江西省,南昌市,青云谱区,36,01,04,
360111,江西省,南昌市,青山湖区,36,01,11,
360112,江西省,南昌市,新建区,36,01,12,
360113,江西省,南昌市,红谷滩区,36,01,13,
360121,江西省,南昌市,南昌县,36,01,21,
360123,江西省,南昌市,安义县,36,01,23,
360124,江西省,南昌市,进贤县,36,01,24,
360202,江西省,景德镇市,昌江区,36,02,02,
360203,江西省,景德镇市,珠山区,36,02,03,
360222,江西省,景德镇市,浮梁县,36,02,22,
360281,江西省,景德镇市,乐平市,36,02,81,
360302,江西省,萍乡市,安源区,36,03,02,
360313,江西省,萍乡市,湘东区,36,03,13,
360321,江西省,萍乡市,莲花县,36,03,21,
360322,江西省,萍乡市,上栗县,36,03,22,
360323,江西省,萍乡市,芦溪县,36,03,23,
360402,江西省,九江市,濂溪区,36,04,02,
360403,江西省,九江市,浔阳区,36,04,03,
360404,江西省,九江市,柴桑区,36,04,04,
360423,江西省,九江市,武宁县,36,04,23,
360424,江西省,九江市,修水县,36,04,24,
360425,江西省,九江市,永修县,36,04,25,
360426,江西省,九江市,德安县,36,04,26,
360428,江西省,九江市,都昌县,36,04,28,
360429,江西省,九江市,湖口县,36,04,29,
360430,江西省,九江市,彭泽县,36,04,30,
360481,江西省,九江市,瑞昌市,36,04,81,
360482,江西省,九江市,共青城市,36,04,82,
360483,江西省,九江市,庐山市,36,04,83,
360502,江西省,新余市,渝水区,36,05,02,
360521,江西省,新余市,分宜县,36,05,21,
360602,江西省,鹰潭市,月湖区,36,06,02,
360603,江西省,鹰潭市,余江区,36,06,03,
360681,江西省,鹰潭市,贵溪市,36,06,81,
360702,江西省,赣州市,章贡区,36,07,02,
360703,江西省,赣州市,南康区,36,07,03,
360704,江西省,赣州市,赣县区,36,07,04,
360722,江西省,赣州市,信丰县,36,07,22,
360723,江西省,赣州市,大余县,36,07,23,
360724,江西省,赣州市,上犹县,36,07,24,
360725,江西省,赣州市,崇义县,36,07,25,
360726,江西省,赣州市,安远县,36,07,26,
360728,江西省,赣州市,定南县,36,07,28,
360729,江西省,赣州市,全南县,36,07,29,
360730,江西省,赣州市,宁都县,36,07,30,
360731,江西省,赣州市,于都县,36,07,31,
360732,江西省,赣州市,兴国县,36,07,32,
360733,江西省,赣州市,会昌县,36,07,33,
360734,江西省,赣州市,寻乌县,36,07,34,
360735,江西省,赣州市,石城县,36,07,35,
360781,江西省,赣州市,瑞金市,36,07,81,
360783,江西省,赣州市,龙南市,36,07,83,
360802,江西省,吉安市,吉州区,36,08,02,
360803,江西省,吉安市,青原区,36,08,03,
360821,江西省,吉安市,吉安县,36,08,21,
360822,江西省,吉安市,吉水县,36,08,22,
360823,江西省,吉安市,峡江县,36,08,23,
360824,江西省,吉安市,新干县,36,08,24,
360825,江西省,吉安市,永丰县,36,08,25,
360826,江西省,吉安市,泰和县,36,08,26,
360827,江西省,吉安市,遂川县,36,08,27,
360828,江西省,吉安市,万安县,36,08,28,
360829,江西省,吉安市,安福县,36,08,29,
360830,江西省,吉安市,永新县,36,08,30,
360881,江西省,吉安市,井冈山市,36,08,81,
360902,江西省,宜春市,袁州区,36,09,02,
360921,江西省,宜春市,奉新县,36,09,21,
360922,江西省,宜春市,万载县,36,09,22,
360923,江西省,宜春市,上高县,36,09,23,
360924,江西省,宜春市,宜丰县,36,09,24,
360925,江西省,宜春市,靖安县,36,09,25,
360926,江西省,宜春市,铜鼓县,36,09,26,
360981,江西省,宜春市,丰城市,36,09,81,
360982,江西省,宜春市,樟树市,36,09,82,
360983,江西省,宜春市,高安市,36,09,83,
361002,江西省,抚州市,临川区,36,10,02,
361003,江西省,抚州市,东乡区,36,10,03,
361021,江西省,抚州市,南城县,36,10,21,
361022,江西省,抚州市,黎川县,36,10,22,
361023,江西省,抚州市,南丰县,36,10,23,
361024,江西省,抚州市,崇仁县,36,10,24,
361025,江西省,抚州市,乐安县,36,10,25,
361026,江西省,抚州市,宜黄县,36,10,26,
361027,江西省,抚州市,金溪县,36,10,27,
361028,江西省,抚州市,资溪县,36,10,28,
361030,江西省,抚州市,广昌县,36,10,30,
361102,江西省,上饶市,信州区,36,11,02,
361103,江西省,上饶市,广丰区,36,11,03,
361104,江西省,上饶市,广信区,36,11,04,
361123,江西省,上饶市,玉山县,36,11,23,
361124,江西省,上饶市,铅山县,36,11,24,
361125,江西省,上饶市,横峰县,36,11,25,
361126,江西省,上饶市,弋阳县,36,11,26,
361127,江西省,上饶市,余干县,36,11,27,
361128,江西省,上饶市,鄱阳县,36,11,28,
361129,江西省,上饶市,万年县,36,11,29,
361130,江西省,上饶市,婺源县,36,11,30,
361181,江西省,上饶市,德兴市,36,11,81,
370102,山东省,济南市,历下区,37,01,02,
370103,山东省,济南市,市中区,37,01,03,
370104,山东省,济南市,槐荫区,37,01,04,
370105,山东省,济南市,天桥区,37,01,05,
370112,山东省,济南市,历城区,37,01,12,
370113,山东省,济南市,长清区,37,01,13,
370114,山东省,济南市,章丘区,37,01,14,
370115,山东省,济南市,济阳区,37,01,15,
370116,山东省,济南市,莱芜区,37,01,16,
370117,山东省,济南市,钢城区,37,01,17,
370124,山东省,济南市,平阴县,37,01,24,
370126,山东省,济南市,商河县,37,01,26,
370202,山东省,青岛市,市南区,37,02,02,
370203,山东省,青岛市,市北区,37,02,03,
370211,山东省,青岛市,黄岛区,37,02,11,
370212,山东省,青岛市,崂山区,37,02,12,
370213,山东省,青岛市,李沧区,37,02,13,
370214,山东省,青岛市,城阳区,37,02,14,
370215,山东省,青岛市,即墨区,37,02,15,
370281,山东省,青岛市,胶州市,37,02,81,
370283,山东省,青岛市,平度市,37,02,83,
370285,山东省,青岛市,莱西市,37,02,85,
370302,山东省,淄博市,淄川区,37,03,02,
370303,山东省,淄博市,张店区,37,03,03,
370304,山东省,淄博市,博山区,37,03,04,
370305,山东省,淄博市,临淄区,37,03,05,
370306,山东省,淄博市,周村区,37,03,06,
370321,山东省,淄博市,桓台县,37,03,21,
370322,山东省,淄博市,高青县,37,03,22,
370323,山东省,淄博市,沂源县,37,03,23,
370402,山东省,枣庄市,市中区,37,04,02,
370403,山东省,枣庄市,薛城区,37,04,03,
370404,山东省,枣庄市,峄城区,37,04,04,
370405,山东省,枣庄市,台儿庄区,37,04,05,
370406,山东省,枣庄市,山亭区,37,04,06,
370481,山东省,枣庄市,滕州市,37,04,81,
370502,山东省,东营市,东营区,37,05,02,
370503,山东省,东营市,河口区,37,05,03,
370505,山东省,东营市,垦利区,37,05,05,
370522,山东省,东营市,利津县,37,05,22,
370523,山东省,东营市,广饶县,37,05,23,
370602,山东省,烟台市,芝罘区,37,06,02,
370611,山东省,烟台市,福山区,37,06,11,
370612,山东省,烟台市,牟平区,37,06,12,
370613,山东省,烟台市,莱山区,37,06,13,
370614,山东省,烟台市,蓬莱区,37,06,14,
370681,山东省,烟台市,龙口市,37,06,81,
370682,山东省,烟台市,莱阳市,37,06,82,
370683,山东省,烟台市,莱州市,37,06,83,
370685,山东省,烟台市,招远市,37,06,85,
370686,山东省,烟台市,栖霞市,37,06,86,
370687,山东省,烟台市,海阳市,37,06,87,
370702,山东省,潍坊市,潍城区,37,07,02,
370703,山东省,潍坊市,寒亭区,37,07,03,
370704,山东省,潍坊市,坊子区,37,07,04,
370705,山东省,潍坊市,奎文区,37,07,05,
370724,山东省,潍坊市,临朐县,37,07,24,
370725,山东省,潍坊市,昌乐县,37,07,25,
370781,山东省,潍坊市,青州市,37,07,81,
370782,山东省,潍坊市,诸城市,37,07,82,
370783,山东省,潍坊市,寿光市,37,07,83,
370784,山东省,潍坊市,安丘市,37,07,84,
370785,山东省,潍坊市,高密市,37,07,85,
370786,山东省,潍坊市,昌邑市,37,07,86,
370811,山东省,济宁市,任城区,37,08,11,
370812,山东省,济宁市,兖州区,37,08,12,
370826,山东省,济宁市,微山县,37,08,26,
370827,山东省,济宁市,鱼台县,37,08,27,
370828,山东省,济宁市,金乡县,37,08,28,
370829,山东省,济宁市,嘉祥县,37,08,29,
370830,山东省,济宁市,汶上县,37,08,30,
370831,山东省,济宁市,泗水县,37,08,31,
370832,山东省,济宁市,梁山县,37,08,32,
370881,山东省,济宁市,曲阜市,37,08,81,
370883,山东省,济宁市,邹城市,37,08,83,
370902,山东省,泰安市,泰山区,37,09,02,
370911,山东省,泰安市,岱岳区,37,09,11,
370921,山东省,泰安市,宁阳县,37,09,21,
370923,山东省,泰安市,东平县,37,09,23,
370982,山东省,泰安市,新泰市,37,09,82,
370983,山东省,泰安市,肥城市,37,09,83,
371002,山东省,威海市,环翠区,37,10,02,
371003,山东省,威海市,文登区,37,10,03,
371082,山东省,威海市,荣成市,37,10,82,
371083,山东省,威海市,乳山市,37,10,83,
371102,山东省,日照市,东港区,37,11,02,
371103,山东省,日照市,岚山区,37,11,03,
371121,山东省,日照市,五莲县,37,11,21,
371122,山东省,日照市,莒县,37,11,22,
371302,山东省,临沂市,兰山区,37,13,02,
371311,山东省,临沂市,罗庄区,37,13,11,
371312,山东省,临沂市,河东区,37,13,12,
371321,山东省,临沂市,沂南县,37,13,21,
371322,山东省,临沂市,郯城县,37,13,22,
371323,山东省,临沂市,沂水县,37,13,23,
371324,山东省,临沂市,兰陵县,37,13,24,
371325,山东省,临沂市,费县,37,13,25,
371326,山东省,临沂市,平邑县,37,13,26,
371327,山东省,临沂市,莒南县,37,13,27,
371328,山东省,临沂市,蒙阴县,37,13,28,
371329,山东省,临沂市,临沭县,37,13,29,
371402,山东省,德州市,德城区,37,14,02,
371403,山东省,德州市,陵城区,37,14,03,
371422,山东省,德州市,宁津县,37,14,22,
371423,山东省,德州市,庆云县,37,14,23,
371424,山东省,德州市,临邑县,37,14,24,
371425,山东省,德州市,齐河县,37,14,25,
371426,山东省,德州市,平原县,37,14,26,
371427,山东省,德州市,夏津县,37,14,27,
371428,山东省,德州市,武城县,37,14,28,
371481,山东省,德州市,乐陵市,37,14,81,
371482,山东省,德州市,禹城市,37,14,82,
371502,山东省,聊城市,东昌府区,37,15,02,
371503,山东省,聊城市,茌平区,37,15,03,
371521,山东省,聊城市,阳谷县,37,15,21,
371522,山东省,聊城市,莘县,37,15,22,
371524,山东省,聊城市,东阿县,37,15,24,
371525,山东省,聊城市,冠县,37,15,25,
371526,山东省,聊城市,高唐县,37,15,26,
371581,山东省,聊城市,临清市,37,15,81,
371602,山东省,滨州市,滨城区,37,16,02,
371603,山东省,滨州市,沾化区,37,16,03,
371621,山东省,滨州市,惠民县,37,16,21,
371622,山东省,滨州市,阳信县,37,16,22,
371623,山东省,滨州市,无棣县,37,16,23,
371625,山东省,滨州市,博兴县,37,16,25,
371681,山东省,滨州市,邹平市,37,16,81,
371702,山东省,菏泽市,牡丹区,37,17,02,
371703,山东省,菏泽市,定陶区,37,17,03,
371721,山东省,菏泽市,曹县,37,17,21,
371722,山东省,菏泽市,单县,37,17,22,
371723,山东省,菏泽市,成武县,37,17,23,
371724,山东省,菏泽市,巨野县,37,17,24,
371725,山东省,菏泽市,郓城县,37,17,25,
371726,山东省,菏泽市,鄄城县,37,17,26,
371728,山东省,菏泽市,东明县,37,17,28,
410102,河南省,郑州市,中原区,41,01,02,
410103,河南省,郑州市,二七区,41,01,03,
410104,河南省,郑州市,管城回族区,41,01,04,
410105,河南省,郑州市,金水区,41,01,05,
410106,河南省,郑州市,上街区,41,01,06,
410108,河南省,郑州市,惠济区,41,01,08,
410122,河南省,郑州市,中牟县,41,01,22,
410181,河南省,郑州市,巩义市,41,01,81,
410182,河南省,郑州市,荥阳市,41,01,82,
410183,河南省,郑州市,新密市,41,01,83,
410184,河南省,郑州市,新郑市,41,01,84,
410185,河南省,郑州市,登封市,41,01,85,
410202,河南省,开封市,龙亭区,41,02,02,
410203,河南省,开封市,顺河回族区,41,02,03,
410204,河南省,开封市,鼓楼区,41,02,04,
410205,河南省,开封市,禹王台区,41,02,05,
410212,河南省,开封市,祥符区,41,02,12,
410221,河南省,开封市,杞县,41,02,21,
410222,河南省,开封市,通许县,41,02,22,
410223,河南省,开封市,尉氏县,41,02,23,
410225,河南省,开封市,兰考县,41,02,25,
410302,河南省,洛阳市,老城区,41,03,02,
410303,河南省,洛阳市,西工区,41,03,03,
410304,河南省,洛阳市,e河回族区,41,03,04,
410305,河南省,洛阳市,涧西区,41,03,05,
410306,河南省,洛阳市,吉利区,41,03,06,
410311,河南省,洛阳市,洛龙区,41,03,11,
410322,河南省,洛阳市,孟津县,41,03,22,
410323,河南省,洛阳市,新安县,41,03,23,
410324,河南省,洛阳市,栾川县,41,03,24,
410325,河南省,洛阳市,嵩县,41,03,25,
410326,河南省,洛阳市,汝阳县,41,03,26,
410327,河南省,洛阳市,宜阳县,41,03,27,
410328,河南省,洛阳市,洛宁县,41,03,28,
410329,河南省,洛阳市,伊川县,41,03,29,
410381,河南省,洛阳市,偃师市,41,03,81,
410402,河南省,平顶山市,新华区,41,04,02,
410403,河南省,平顶山市,卫东区,41,04,03,
410404,河南省,平顶山市,石龙区,41,04,04,
410411,河南省,平顶山市,湛河区,41,04,11,
410421,河南省,平顶山市,宝丰县,41,04,21,
410422,河南省,平顶山市,叶县,41,04,22,
410423,河南省,平顶山市,鲁山县,41,04,23,
410425,河南省,平顶山市,郏县,41,04,25,
410481,河南省,平顶山市,舞钢市,41,04,81,
410482,河南省,平顶山市,汝州市,41,04,82,
410502,河南省,安阳市,文峰区,41,05,02,
410503,河南省,安阳市,北关区,41,05,03,
410505,河南省,安阳市,殷都区,41,05,05,
410506,河南省,安阳市,龙安区,41,05,06,
410522,河南省,安阳市,安阳县,41,05,22,
410523,河南省,安阳市,汤阴县,41,05,23,
410526,河南省,安阳市,滑县,41,05,26,
410527,河南省,安阳市,内黄县,41,05,27,
410581,河南省,安阳市,林州市,41,05,81,
410602,河南省,鹤壁市,鹤山区,41,06,02,
410603,河南省,鹤壁市,山城区,41,06,03,
410611,河南省,鹤壁市,淇滨区,41,06,11,
410621,河南省,鹤壁市,浚县,41,06,21,
410622,河南省,鹤壁市,淇县,41,06,22,
410702,河南省,新乡市,红旗区,41,07,02,
410703,河南省,新乡市,卫滨区,41,07,03,
410704,河南省,新乡市,凤泉区,41,07,04,
410711,河南省,新乡市,牧野区,41,07,11,
410721,河南省,新乡市,新乡县,41,07,21,
410724,河南省,新乡市,获嘉县,41,07,24,
410725,河南省,新乡市,原阳县,41,07,25,
410726,河南省,新乡市,延津县,41,07,26,
410727,河南省,新乡市,封丘县,41,07,27,
410781,河南省,新乡市,卫辉市,41,07,81,
410782,河南省,新乡市,辉县市,41,07,82,
410783,河南省,新乡市,长垣市,41,07,83,
410802,河南省,焦作市,解放区,41,08,02,
410803,河南省,焦作市,中站区,41,08,03,
410804,河南省,焦作市,马村区,41,08,04,
410811,河南省,焦作市,山阳区,41,08,11,
410821,河南省,焦作市,修武县,41,08,21,
410822,河南省,焦作市,博爱县,41,08,22,
410823,河南省,焦作市,武陟县,41,08,23,
410825,河南省,焦作市,温县,41,08,25,
410882,河南省,焦作市,沁阳市,41,08,82,
410883,河南省,焦作市,孟州市,41,08,83,
410902,河南省,濮阳市,华龙区,41,09,02,
410922,河南省,濮阳市,清丰县,41,09,22,
410923,河南省,濮阳市,南乐县,41,09,23,
410926,河南省,濮阳市,范县,41,09,26,
410927,河南省,濮阳市,台前县,41,09,27,
410928,河南省,濮阳市,濮阳县,41,09,28,
411002,河南省,许昌市,魏都区,41,10,02,
411003,河南省,许昌市,建安区,41,10,03,
411024,河南省,许昌市,鄢陵县,41,10,24,
411025,河南省,许昌市,襄城县,41,10,25,
411081,河南省,许昌市,禹州市,41,10,81,
411082,河南省,许昌市,长葛市,41,10,82,
411102,河南省,漯河市,源汇区,41,11,02,
411103,河南省,漯河市,郾城区,41,11,03,
411104,河南省,漯河市,召陵区,41,11,04,
411121,河南省,漯河市,舞阳县,41,11,21,
411122,河南省,漯河市,临颍县,41,11,22,
411202,河南省,三门峡市,湖滨区,41,12,02,
411203,河南省,三门峡市,陕州区,41,12,03,
411221,河南省,三门峡市,渑池县,41,12,21,
411224,河南省,三门峡市,卢氏县,41,12,24,
411281,河南省,三门峡市,义马市,41,12,81,
411282,河南省,三门峡市,灵宝市,41,12,82,
411302,河南省,南阳市,宛城区,41,13,02,
411303,河南省,南阳市,卧龙区,41,13,03,
411321,河南省,南阳市,南召县,41,13,21,
411322,河南省,南阳市,方城县,41,13,22,
411323,河南省,南阳市,西峡县,41,13,23,
411324,河南省,南阳市,镇平县,41,13,24,
411325,河南省,南阳市,内乡县,41,13,25,
411326,河南省,南阳市,淅川县,41,13,26,
411327,河南省,南阳市,社旗县,41,13,27,
411328,河南省,南阳市,唐河县,41,13,28,
411329,河南省,南阳市,新野县,41,13,29,
411330,河南省,南阳市,桐柏县,41,13,30,
411381,河南省,南阳市,邓州市,41,13,81,
411402,河南省,商丘市,梁园区,41,14,02,
411403,河南省,商丘市,睢阳区,41,14,03,
411421,河南省,商丘市,民权县,41,14,21,
411422,河南省,商丘市,睢县,41,14,22,
411423,河南省,商丘市,宁陵县,41,14,23,
411424,河南省,商丘市,柘城县,41,14,24,
411425,河南省,商丘市,虞城县,41,14,25,
411426,河南省,商丘市,夏邑县,41,14,26,
411481,河南省,商丘市,永城市,41,14,81,
411502,河南省,信阳市,负忧,41,15,02,
411503,河南省,信阳市,平桥区,41,15,03,
411521,河南省,信阳市,罗山县,41,15,21,
411522,河南省,信阳市,光山县,41,15,22,
411523,河南省,信阳市,新县,41,15,23,
411524,河南省,信阳市,商城县,41,15,24,
411525,河南省,信阳市,固始县,41,15,25,
411526,河南省,信阳市,潢川县,41,15,26,
411527,河南省,信阳市,淮滨县,41,15,27,
411528,河南省,信阳市,息县,41,15,28,
411602,河南省,周口市,川汇区,41,16,02,
411603,河南省,周口市,淮阳区,41,16,03,
411621,河南省,周口市,扶沟县,41,16,21,
411622,河南省,周口市,西华县,41,16,22,
411623,河南省,周口市,商水县,41,16,23,
411624,河南省,周口市,沈丘县,41,16,24,
411625,河南省,周口市,郸城县,41,16,25,
411627,河南省,周口市,太康县,41,16,27,
411628,河南省,周口市,鹿邑县,41,16,28,
411681,河南省,周口市,项城市,41,16,81,
411702,河南省,驻马店市,驿城区,41,17,02,
411721,河南省,驻马店市,西平县,41,17,21,
411722,河南省,驻马店市,上蔡县,41,17,22,
411723,河南省,驻马店市,平舆县,41,17,23,
411724,河南省,驻马店市,正阳县,41,17,24,
411725,河南省,驻马店市,确山县,41,17,25,
411726,河南省,驻马店市,泌阳县,41,17,26,
411727,河南省,驻马店市,汝南县,41,17,27,
411728,河南省,驻马店市,遂平县,41,17,28,
411729,河南省,驻马店市,新蔡县,41,17,29,
419001,河南省,#N/A,济源市,41,90,01,
420102,湖北省,武汉市,江岸区,42,01,02,
420103,湖北省,武汉市,江汉区,42,01,03,
420104,湖北省,武汉市,~口区,42,01,04,
420105,湖北省,武汉市,汉阳区,42,01,05,
420106,湖北省,武汉市,武昌区,42,01,06,
420107,湖北省,武汉市,青山区,42,01,07,
420111,湖北省,武汉市,洪山区,42,01,11,
420112,湖北省,武汉市,东西湖区,42,01,12,
420113,湖北省,武汉市,汉南区,42,01,13,
420114,湖北省,武汉市,蔡甸区,42,01,14,
420115,湖北省,武汉市,江夏区,42,01,15,
420116,湖北省,武汉市,黄陂区,42,01,16,
420117,湖北省,武汉市,新洲区,42,01,17,
420202,湖北省,黄石市,黄石港区,42,02,02,
420203,湖北省,黄石市,西塞山区,42,02,03,
420204,湖北省,黄石市,下陆区,42,02,04,
420205,湖北省,黄石市,铁山区,42,02,05,
420222,湖北省,黄石市,阳新县,42,02,22,
420281,湖北省,黄石市,大冶市,42,02,81,
420302,湖北省,十堰市,茅箭区,42,03,02,
420303,湖北省,十堰市,张湾区,42,03,03,
420304,湖北省,十堰市,郧阳区,42,03,04,
420322,湖北省,十堰市,郧西县,42,03,22,
420323,湖北省,十堰市,竹山县,42,03,23,
420324,湖北省,十堰市,竹溪县,42,03,24,
420325,湖北省,十堰市,房县,42,03,25,
420381,湖北省,十堰市,丹江口市,42,03,81,
420502,湖北省,宜昌市,西陵区,42,05,02,
420503,湖北省,宜昌市,伍家岗区,42,05,03,
420504,湖北省,宜昌市,点军区,42,05,04,
420505,湖北省,宜昌市,V亭区,42,05,05,
420506,湖北省,宜昌市,夷陵区,42,05,06,
420525,湖北省,宜昌市,远安县,42,05,25,
420526,湖北省,宜昌市,兴山县,42,05,26,
420527,湖北省,宜昌市,秭归县,42,05,27,
420528,湖北省,宜昌市,长阳土家族自治县,42,05,28,
420529,湖北省,宜昌市,五峰土家族自治县,42,05,29,
420581,湖北省,宜昌市,宜都市,42,05,81,
420582,湖北省,宜昌市,当阳市,42,05,82,
420583,湖北省,宜昌市,枝江市,42,05,83,
420602,湖北省,襄阳市,襄城区,42,06,02,
420606,湖北省,襄阳市,樊城区,42,06,06,
420607,湖北省,襄阳市,襄州区,42,06,07,
420624,湖北省,襄阳市,南漳县,42,06,24,
420625,湖北省,襄阳市,谷城县,42,06,25,
420626,湖北省,襄阳市,保康县,42,06,26,
420682,湖北省,襄阳市,老河口市,42,06,82,
420683,湖北省,襄阳市,枣阳市,42,06,83,
420684,湖北省,襄阳市,宜城市,42,06,84,
420702,湖北省,鄂州市,梁子湖区,42,07,02,
420703,湖北省,鄂州市,华容区,42,07,03,
420704,湖北省,鄂州市,鄂城区,42,07,04,
420802,湖北省,荆门市,东宝区,42,08,02,
420804,湖北省,荆门市,掇刀区,42,08,04,
420822,湖北省,荆门市,沙洋县,42,08,22,
420881,湖北省,荆门市,钟祥市,42,08,81,
420882,湖北省,荆门市,京山市,42,08,82,
420902,湖北省,孝感市,孝南区,42,09,02,
420921,湖北省,孝感市,孝昌县,42,09,21,
420922,湖北省,孝感市,大悟县,42,09,22,
420923,湖北省,孝感市,云梦县,42,09,23,
420981,湖北省,孝感市,应城市,42,09,81,
420982,湖北省,孝感市,安陆市,42,09,82,
420984,湖北省,孝感市,汉川市,42,09,84,
421002,湖北省,荆州市,沙市区,42,10,02,
421003,湖北省,荆州市,荆州区,42,10,03,
421022,湖北省,荆州市,公安县,42,10,22,
421024,湖北省,荆州市,江陵县,42,10,24,
421081,湖北省,荆州市,石首市,42,10,81,
421083,湖北省,荆州市,洪湖市,42,10,83,
421087,湖北省,荆州市,松滋市,42,10,87,
421088,湖北省,荆州市,监利市,42,10,88,
421102,湖北省,黄冈市,黄州区,42,11,02,
421121,湖北省,黄冈市,团风县,42,11,21,
421122,湖北省,黄冈市,红安县,42,11,22,
421123,湖北省,黄冈市,罗田县,42,11,23,
421124,湖北省,黄冈市,英山县,42,11,24,
421125,湖北省,黄冈市,浠水县,42,11,25,
421126,湖北省,黄冈市,蕲春县,42,11,26,
421127,湖北省,黄冈市,黄梅县,42,11,27,
421181,湖北省,黄冈市,麻城市,42,11,81,
421182,湖北省,黄冈市,武穴市,42,11,82,
421202,湖北省,咸宁市,咸安区,42,12,02,
421221,湖北省,咸宁市,嘉鱼县,42,12,21,
421222,湖北省,咸宁市,通城县,42,12,22,
421223,湖北省,咸宁市,崇阳县,42,12,23,
421224,湖北省,咸宁市,通山县,42,12,24,
421281,湖北省,咸宁市,赤壁市,42,12,81,
421303,湖北省,随州市,曾都区,42,13,03,
421321,湖北省,随州市,随县,42,13,21,
421381,湖北省,随州市,广水市,42,13,81,
422801,湖北省,恩施土家族苗族自治州,恩施市,42,28,01,
422802,湖北省,恩施土家族苗族自治州,利川市,42,28,02,
422822,湖北省,恩施土家族苗族自治州,建始县,42,28,22,
422823,湖北省,恩施土家族苗族自治州,巴东县,42,28,23,
422825,湖北省,恩施土家族苗族自治州,宣恩县,42,28,25,
422826,湖北省,恩施土家族苗族自治州,咸丰县,42,28,26,
422827,湖北省,恩施土家族苗族自治州,来凤县,42,28,27,
422828,湖北省,恩施土家族苗族自治州,鹤峰县,42,28,28,
429004,湖北省,#N/A,仙桃市,42,90,04,
429005,湖北省,#N/A,潜江市,42,90,05,
429006,湖北省,#N/A,天门市,42,90,06,
429021,湖北省,#N/A,神农架林区,42,90,21,
430102,湖南省,长沙市,芙蓉区,43,01,02,
430103,湖南省,长沙市,天心区,43,01,03,
430104,湖南省,长沙市,岳麓区,43,01,04,
430105,湖南省,长沙市,开福区,43,01,05,
430111,湖南省,长沙市,雨花区,43,01,11,
430112,湖南省,长沙市,望城区,43,01,12,
430121,湖南省,长沙市,长沙县,43,01,21,
430181,湖南省,长沙市,浏阳市,43,01,81,
430182,湖南省,长沙市,宁乡市,43,01,82,
430202,湖南省,株洲市,荷塘区,43,02,02,
430203,湖南省,株洲市,芦淞区,43,02,03,
430204,湖南省,株洲市,石峰区,43,02,04,
430211,湖南省,株洲市,天元区,43,02,11,
430212,湖南省,株洲市,渌口区,43,02,12,
430223,湖南省,株洲市,攸县,43,02,23,
430224,湖南省,株洲市,茶陵县,43,02,24,
430225,湖南省,株洲市,炎陵县,43,02,25,
430281,湖南省,株洲市,醴陵市,43,02,81,
430302,湖南省,湘潭市,雨湖区,43,03,02,
430304,湖南省,湘潭市,岳塘区,43,03,04,
430321,湖南省,湘潭市,湘潭县,43,03,21,
430381,湖南省,湘潭市,湘乡市,43,03,81,
430382,湖南省,湘潭市,韶山市,43,03,82,
430405,湖南省,衡阳市,珠晖区,43,04,05,
430406,湖南省,衡阳市,雁峰区,43,04,06,
430407,湖南省,衡阳市,石鼓区,43,04,07,
430408,湖南省,衡阳市,蒸湘区,43,04,08,
430412,湖南省,衡阳市,南岳区,43,04,12,
430421,湖南省,衡阳市,衡阳县,43,04,21,
430422,湖南省,衡阳市,衡南县,43,04,22,
430423,湖南省,衡阳市,衡山县,43,04,23,
430424,湖南省,衡阳市,衡东县,43,04,24,
430426,湖南省,衡阳市,祁东县,43,04,26,
430481,湖南省,衡阳市,耒阳市,43,04,81,
430482,湖南省,衡阳市,常宁市,43,04,82,
430502,湖南省,邵阳市,双清区,43,05,02,
430503,湖南省,邵阳市,大祥区,43,05,03,
430511,湖南省,邵阳市,北塔区,43,05,11,
430522,湖南省,邵阳市,新邵县,43,05,22,
430523,湖南省,邵阳市,邵阳县,43,05,23,
430524,湖南省,邵阳市,隆回县,43,05,24,
430525,湖南省,邵阳市,洞口县,43,05,25,
430527,湖南省,邵阳市,绥宁县,43,05,27,
430528,湖南省,邵阳市,新宁县,43,05,28,
430529,湖南省,邵阳市,城步苗族自治县,43,05,29,
430581,湖南省,邵阳市,武冈市,43,05,81,
430582,湖南省,邵阳市,邵东市,43,05,82,
430602,湖南省,岳阳市,岳阳楼区,43,06,02,
430603,湖南省,岳阳市,云溪区,43,06,03,
430611,湖南省,岳阳市,君山区,43,06,11,
430621,湖南省,岳阳市,岳阳县,43,06,21,
430623,湖南省,岳阳市,华容县,43,06,23,
430624,湖南省,岳阳市,湘阴县,43,06,24,
430626,湖南省,岳阳市,平江县,43,06,26,
430681,湖南省,岳阳市,汨罗市,43,06,81,
430682,湖南省,岳阳市,临湘市,43,06,82,
430702,湖南省,常德市,武陵区,43,07,02,
430703,湖南省,常德市,鼎城区,43,07,03,
430721,湖南省,常德市,安乡县,43,07,21,
430722,湖南省,常德市,汉寿县,43,07,22,
430723,湖南省,常德市,澧县,43,07,23,
430724,湖南省,常德市,临澧县,43,07,24,
430725,湖南省,常德市,桃源县,43,07,25,
430726,湖南省,常德市,石门县,43,07,26,
430781,湖南省,常德市,津市市,43,07,81,
430802,湖南省,张家界市,永定区,43,08,02,
430811,湖南省,张家界市,武陵源区,43,08,11,
430821,湖南省,张家界市,慈利县,43,08,21,
430822,湖南省,张家界市,桑植县,43,08,22,
430902,湖南省,益阳市,资阳区,43,09,02,
430903,湖南省,益阳市,赫山区,43,09,03,
430921,湖南省,益阳市,南县,43,09,21,
430922,湖南省,益阳市,桃江县,43,09,22,
430923,湖南省,益阳市,安化县,43,09,23,
430981,湖南省,益阳市,沅江市,43,09,81,
431002,湖南省,郴州市,北湖区,43,10,02,
431003,湖南省,郴州市,苏仙区,43,10,03,
431021,湖南省,郴州市,桂阳县,43,10,21,
431022,湖南省,郴州市,宜章县,43,10,22,
431023,湖南省,郴州市,永兴县,43,10,23,
431024,湖南省,郴州市,嘉禾县,43,10,24,
431025,湖南省,郴州市,临武县,43,10,25,
431026,湖南省,郴州市,汝城县,43,10,26,
431027,湖南省,郴州市,桂东县,43,10,27,
431028,湖南省,郴州市,安仁县,43,10,28,
431081,湖南省,郴州市,资兴市,43,10,81,
431102,湖南省,永州市,零陵区,43,11,02,
431103,湖南省,永州市,冷水滩区,43,11,03,
431121,湖南省,永州市,祁阳县,43,11,21,
431122,湖南省,永州市,东安县,43,11,22,
431123,湖南省,永州市,双牌县,43,11,23,
431124,湖南省,永州市,道县,43,11,24,
431125,湖南省,永州市,江永县,43,11,25,
431126,湖南省,永州市,宁远县,43,11,26,
431127,湖南省,永州市,蓝山县,43,11,27,
431128,湖南省,永州市,新田县,43,11,28,
431129,湖南省,永州市,江华瑶族自治县,43,11,29,
431202,湖南省,怀化市,鹤城区,43,12,02,
431221,湖南省,怀化市,中方县,43,12,21,
431222,湖南省,怀化市,沅陵县,43,12,22,
431223,湖南省,怀化市,辰溪县,43,12,23,
431224,湖南省,怀化市,溆浦县,43,12,24,
431225,湖南省,怀化市,会同县,43,12,25,
431226,湖南省,怀化市,麻阳苗族自治县,43,12,26,
431227,湖南省,怀化市,新晃侗族自治县,43,12,27,
431228,湖南省,怀化市,芷江侗族自治县,43,12,28,
431229,湖南省,怀化市,靖州苗族侗族自治县,43,12,29,
431230,湖南省,怀化市,通道侗族自治县,43,12,30,
431281,湖南省,怀化市,洪江市,43,12,81,
431302,湖南省,娄底市,娄星区,43,13,02,
431321,湖南省,娄底市,双峰县,43,13,21,
431322,湖南省,娄底市,新化县,43,13,22,
431381,湖南省,娄底市,冷水江市,43,13,81,
431382,湖南省,娄底市,涟源市,43,13,82,
433101,湖南省,湘西土家族苗族自治州,吉首市,43,31,01,
433122,湖南省,湘西土家族苗族自治州,泸溪县,43,31,22,
433123,湖南省,湘西土家族苗族自治州,凤凰县,43,31,23,
433124,湖南省,湘西土家族苗族自治州,花垣县,43,31,24,
433125,湖南省,湘西土家族苗族自治州,保靖县,43,31,25,
433126,湖南省,湘西土家族苗族自治州,古丈县,43,31,26,
433127,湖南省,湘西土家族苗族自治州,永顺县,43,31,27,
433130,湖南省,湘西土家族苗族自治州,龙山县,43,31,30,
440103,广东省,广州市,荔湾区,44,01,03,
440104,广东省,广州市,越秀区,44,01,04,
440105,广东省,广州市,海珠区,44,01,05,
440106,广东省,广州市,天河区,44,01,06,
440111,广东省,广州市,白云区,44,01,11,
440112,广东省,广州市,黄埔区,44,01,12,
440113,广东省,广州市,番禺区,44,01,13,
440114,广东省,广州市,花都区,44,01,14,
440115,广东省,广州市,南沙区,44,01,15,
440117,广东省,广州市,从化区,44,01,17,
440118,广东省,广州市,增城区,44,01,18,
440203,广东省,韶关市,武江区,44,02,03,
440204,广东省,韶关市,浈江区,44,02,04,
440205,广东省,韶关市,曲江区,44,02,05,
440222,广东省,韶关市,始兴县,44,02,22,
440224,广东省,韶关市,仁化县,44,02,24,
440229,广东省,韶关市,翁源县,44,02,29,
440232,广东省,韶关市,乳源瑶族自治县,44,02,32,
440233,广东省,韶关市,新丰县,44,02,33,
440281,广东省,韶关市,乐昌市,44,02,81,
440282,广东省,韶关市,南雄市,44,02,82,
440303,广东省,深圳市,罗湖区,44,03,03,
440304,广东省,深圳市,福田区,44,03,04,
440305,广东省,深圳市,南山区,44,03,05,
440306,广东省,深圳市,宝安区,44,03,06,
440307,广东省,深圳市,龙岗区,44,03,07,
440308,广东省,深圳市,盐田区,44,03,08,
440309,广东省,深圳市,龙华区,44,03,09,
440310,广东省,深圳市,坪山区,44,03,10,
440311,广东省,深圳市,光明区,44,03,11,
440402,广东省,珠海市,香洲区,44,04,02,
440403,广东省,珠海市,斗门区,44,04,03,
440404,广东省,珠海市,金湾区,44,04,04,
440507,广东省,汕头市,龙湖区,44,05,07,
440511,广东省,汕头市,金平区,44,05,11,
440512,广东省,汕头市,濠江区,44,05,12,
440513,广东省,汕头市,潮阳区,44,05,13,
440514,广东省,汕头市,潮南区,44,05,14,
440515,广东省,汕头市,澄海区,44,05,15,
440523,广东省,汕头市,南澳县,44,05,23,
440604,广东省,佛山市,禅城区,44,06,04,
440605,广东省,佛山市,南海区,44,06,05,
440606,广东省,佛山市,顺德区,44,06,06,
440607,广东省,佛山市,三水区,44,06,07,
440608,广东省,佛山市,高明区,44,06,08,
440703,广东省,江门市,蓬江区,44,07,03,
440704,广东省,江门市,江海区,44,07,04,
440705,广东省,江门市,新会区,44,07,05,
440781,广东省,江门市,台山市,44,07,81,
440783,广东省,江门市,开平市,44,07,83,
440784,广东省,江门市,鹤山市,44,07,84,
440785,广东省,江门市,恩平市,44,07,85,
440802,广东省,湛江市,赤坎区,44,08,02,
440803,广东省,湛江市,霞山区,44,08,03,
440804,广东省,湛江市,坡头区,44,08,04,
440811,广东省,湛江市,麻章区,44,08,11,
440823,广东省,湛江市,遂溪县,44,08,23,
440825,广东省,湛江市,徐闻县,44,08,25,
440881,广东省,湛江市,廉江市,44,08,81,
440882,广东省,湛江市,雷州市,44,08,82,
440883,广东省,湛江市,吴川市,44,08,83,
440902,广东省,茂名市,茂南区,44,09,02,
440904,广东省,茂名市,电白区,44,09,04,
440981,广东省,茂名市,高州市,44,09,81,
440982,广东省,茂名市,化州市,44,09,82,
440983,广东省,茂名市,信宜市,44,09,83,
441202,广东省,肇庆市,端州区,44,12,02,
441203,广东省,肇庆市,鼎湖区,44,12,03,
441204,广东省,肇庆市,高要区,44,12,04,
441223,广东省,肇庆市,广宁县,44,12,23,
441224,广东省,肇庆市,怀集县,44,12,24,
441225,广东省,肇庆市,封开县,44,12,25,
441226,广东省,肇庆市,德庆县,44,12,26,
441284,广东省,肇庆市,四会市,44,12,84,
441302,广东省,惠州市,惠城区,44,13,02,
441303,广东省,惠州市,惠阳区,44,13,03,
441322,广东省,惠州市,博罗县,44,13,22,
441323,广东省,惠州市,惠东县,44,13,23,
441324,广东省,惠州市,龙门县,44,13,24,
441402,广东省,梅州市,梅江区,44,14,02,
441403,广东省,梅州市,梅县区,44,14,03,
441422,广东省,梅州市,大埔县,44,14,22,
441423,广东省,梅州市,丰顺县,44,14,23,
441424,广东省,梅州市,五华县,44,14,24,
441426,广东省,梅州市,平远县,44,14,26,
441427,广东省,梅州市,蕉岭县,44,14,27,
441481,广东省,梅州市,兴宁市,44,14,81,
441502,广东省,汕尾市,城区,44,15,02,
441521,广东省,汕尾市,海丰县,44,15,21,
441523,广东省,汕尾市,陆河县,44,15,23,
441581,广东省,汕尾市,陆丰市,44,15,81,
441602,广东省,河源市,源城区,44,16,02,
441621,广东省,河源市,紫金县,44,16,21,
441622,广东省,河源市,龙川县,44,16,22,
441623,广东省,河源市,连平县,44,16,23,
441624,广东省,河源市,和平县,44,16,24,
441625,广东省,河源市,东源县,44,16,25,
441702,广东省,阳江市,江城区,44,17,02,
441704,广东省,阳江市,阳东区,44,17,04,
441721,广东省,阳江市,阳西县,44,17,21,
441781,广东省,阳江市,阳春市,44,17,81,
441802,广东省,清远市,清城区,44,18,02,
441803,广东省,清远市,清新区,44,18,03,
441821,广东省,清远市,佛冈县,44,18,21,
441823,广东省,清远市,阳山县,44,18,23,
441825,广东省,清远市,连山壮族瑶族自治县,44,18,25,
441826,广东省,清远市,连南瑶族自治县,44,18,26,
441881,广东省,清远市,英德市,44,18,81,
441882,广东省,清远市,连州市,44,18,82,
445102,广东省,潮州市,湘桥区,44,51,02,
445103,广东省,潮州市,潮安区,44,51,03,
445122,广东省,潮州市,饶平县,44,51,22,
445202,广东省,揭阳市,榕城区,44,52,02,
445203,广东省,揭阳市,揭东区,44,52,03,
445222,广东省,揭阳市,揭西县,44,52,22,
445224,广东省,揭阳市,惠来县,44,52,24,
445281,广东省,揭阳市,普宁市,44,52,81,
445302,广东省,云浮市,云城区,44,53,02,
445303,广东省,云浮市,云安区,44,53,03,
445321,广东省,云浮市,新兴县,44,53,21,
445322,广东省,云浮市,郁南县,44,53,22,
445381,广东省,云浮市,罗定市,44,53,81,
450102,广西壮族自治区,南宁市,兴宁区,45,01,02,
450103,广西壮族自治区,南宁市,青秀区,45,01,03,
450105,广西壮族自治区,南宁市,江南区,45,01,05,
450107,广西壮族自治区,南宁市,西乡塘区,45,01,07,
450108,广西壮族自治区,南宁市,良庆区,45,01,08,
450109,广西壮族自治区,南宁市,邕宁区,45,01,09,
450110,广西壮族自治区,南宁市,武鸣区,45,01,10,
450123,广西壮族自治区,南宁市,隆安县,45,01,23,
450124,广西壮族自治区,南宁市,马山县,45,01,24,
450125,广西壮族自治区,南宁市,上林县,45,01,25,
450126,广西壮族自治区,南宁市,宾阳县,45,01,26,
450127,广西壮族自治区,南宁市,横县,45,01,27,
450202,广西壮族自治区,柳州市,城中区,45,02,02,
450203,广西壮族自治区,柳州市,鱼峰区,45,02,03,
450204,广西壮族自治区,柳州市,柳南区,45,02,04,
450205,广西壮族自治区,柳州市,柳北区,45,02,05,
450206,广西壮族自治区,柳州市,柳江区,45,02,06,
450222,广西壮族自治区,柳州市,柳城县,45,02,22,
450223,广西壮族自治区,柳州市,鹿寨县,45,02,23,
450224,广西壮族自治区,柳州市,融安县,45,02,24,
450225,广西壮族自治区,柳州市,融水苗族自治县,45,02,25,
450226,广西壮族自治区,柳州市,三江侗族自治县,45,02,26,
450302,广西壮族自治区,桂林市,秀峰区,45,03,02,
450303,广西壮族自治区,桂林市,叠彩区,45,03,03,
450304,广西壮族自治区,桂林市,象山区,45,03,04,
450305,广西壮族自治区,桂林市,七星区,45,03,05,
450311,广西壮族自治区,桂林市,雁山区,45,03,11,
450312,广西壮族自治区,桂林市,临桂区,45,03,12,
450321,广西壮族自治区,桂林市,阳朔县,45,03,21,
450323,广西壮族自治区,桂林市,灵川县,45,03,23,
450324,广西壮族自治区,桂林市,全州县,45,03,24,
450325,广西壮族自治区,桂林市,兴安县,45,03,25,
450326,广西壮族自治区,桂林市,永福县,45,03,26,
450327,广西壮族自治区,桂林市,灌阳县,45,03,27,
450328,广西壮族自治区,桂林市,龙胜各族自治县,45,03,28,
450329,广西壮族自治区,桂林市,资源县,45,03,29,
450330,广西壮族自治区,桂林市,平乐县,45,03,30,
450332,广西壮族自治区,桂林市,恭城瑶族自治县,45,03,32,
450381,广西壮族自治区,桂林市,荔浦市,45,03,81,
450403,广西壮族自治区,梧州市,万秀区,45,04,03,
450405,广西壮族自治区,梧州市,长洲区,45,04,05,
450406,广西壮族自治区,梧州市,龙圩区,45,04,06,
450421,广西壮族自治区,梧州市,苍梧县,45,04,21,
450422,广西壮族自治区,梧州市,藤县,45,04,22,
450423,广西壮族自治区,梧州市,蒙山县,45,04,23,
450481,广西壮族自治区,梧州市,岑溪市,45,04,81,
450502,广西壮族自治区,北海市,海城区,45,05,02,
450503,广西壮族自治区,北海市,银海区,45,05,03,
450512,广西壮族自治区,北海市,铁山港区,45,05,12,
450521,广西壮族自治区,北海市,合浦县,45,05,21,
450602,广西壮族自治区,防城港市,港口区,45,06,02,
450603,广西壮族自治区,防城港市,防城区,45,06,03,
450621,广西壮族自治区,防城港市,上思县,45,06,21,
450681,广西壮族自治区,防城港市,东兴市,45,06,81,
450702,广西壮族自治区,钦州市,钦南区,45,07,02,
450703,广西壮族自治区,钦州市,钦北区,45,07,03,
450721,广西壮族自治区,钦州市,灵山县,45,07,21,
450722,广西壮族自治区,钦州市,浦北县,45,07,22,
450802,广西壮族自治区,贵港市,港北区,45,08,02,
450803,广西壮族自治区,贵港市,港南区,45,08,03,
450804,广西壮族自治区,贵港市,覃塘区,45,08,04,
450821,广西壮族自治区,贵港市,平南县,45,08,21,
450881,广西壮族自治区,贵港市,桂平市,45,08,81,
450902,广西壮族自治区,玉林市,玉州区,45,09,02,
450903,广西壮族自治区,玉林市,福绵区,45,09,03,
450921,广西壮族自治区,玉林市,容县,45,09,21,
450922,广西壮族自治区,玉林市,陆川县,45,09,22,
450923,广西壮族自治区,玉林市,博白县,45,09,23,
450924,广西壮族自治区,玉林市,兴业县,45,09,24,
450981,广西壮族自治区,玉林市,北流市,45,09,81,
451002,广西壮族自治区,百色市,右江区,45,10,02,
451003,广西壮族自治区,百色市,田阳区,45,10,03,
451022,广西壮族自治区,百色市,田东县,45,10,22,
451024,广西壮族自治区,百色市,德保县,45,10,24,
451026,广西壮族自治区,百色市,那坡县,45,10,26,
451027,广西壮族自治区,百色市,凌云县,45,10,27,
451028,广西壮族自治区,百色市,乐业县,45,10,28,
451029,广西壮族自治区,百色市,田林县,45,10,29,
451030,广西壮族自治区,百色市,西林县,45,10,30,
451031,广西壮族自治区,百色市,隆林各族自治县,45,10,31,
451081,广西壮族自治区,百色市,靖西市,45,10,81,
451082,广西壮族自治区,百色市,平果市,45,10,82,
451102,广西壮族自治区,贺州市,八步区,45,11,02,
451103,广西壮族自治区,贺州市,平桂区,45,11,03,
451121,广西壮族自治区,贺州市,昭平县,45,11,21,
451122,广西壮族自治区,贺州市,钟山县,45,11,22,
451123,广西壮族自治区,贺州市,富川瑶族自治县,45,11,23,
451202,广西壮族自治区,河池市,金城江区,45,12,02,
451203,广西壮族自治区,河池市,宜州区,45,12,03,
451221,广西壮族自治区,河池市,南丹县,45,12,21,
451222,广西壮族自治区,河池市,天峨县,45,12,22,
451223,广西壮族自治区,河池市,凤山县,45,12,23,
451224,广西壮族自治区,河池市,东兰县,45,12,24,
451225,广西壮族自治区,河池市,罗城仫佬族自治县,45,12,25,
451226,广西壮族自治区,河池市,环江毛南族自治县,45,12,26,
451227,广西壮族自治区,河池市,巴马瑶族自治县,45,12,27,
451228,广西壮族自治区,河池市,都安瑶族自治县,45,12,28,
451229,广西壮族自治区,河池市,大化瑶族自治县,45,12,29,
451302,广西壮族自治区,来宾市,兴宾区,45,13,02,
451321,广西壮族自治区,来宾市,忻城县,45,13,21,
451322,广西壮族自治区,来宾市,象州县,45,13,22,
451323,广西壮族自治区,来宾市,武宣县,45,13,23,
451324,广西壮族自治区,来宾市,金秀瑶族自治县,45,13,24,
451381,广西壮族自治区,来宾市,合山市,45,13,81,
451402,广西壮族自治区,崇左市,江州区,45,14,02,
451421,广西壮族自治区,崇左市,扶绥县,45,14,21,
451422,广西壮族自治区,崇左市,宁明县,45,14,22,
451423,广西壮族自治区,崇左市,龙州县,45,14,23,
451424,广西壮族自治区,崇左市,大新县,45,14,24,
451425,广西壮族自治区,崇左市,天等县,45,14,25,
451481,广西壮族自治区,崇左市,凭祥市,45,14,81,
460105,海南省,海口市,秀英区,46,01,05,
460106,海南省,海口市,龙华区,46,01,06,
460107,海南省,海口市,琼山区,46,01,07,
460108,海南省,海口市,美兰区,46,01,08,
460202,海南省,三亚市,海棠区,46,02,02,
460203,海南省,三亚市,吉阳区,46,02,03,
460204,海南省,三亚市,天涯区,46,02,04,
460205,海南省,三亚市,崖州区,46,02,05,
,海南省,三沙市,西沙区,,,,
,海南省,三沙市,南沙区,,,,
469001,海南省,儋州市,五指山市,46,90,01,
469002,海南省,儋州市,琼海市,46,90,02,
469005,海南省,儋州市,文昌市,46,90,05,
469006,海南省,儋州市,万宁市,46,90,06,
469007,海南省,儋州市,东方市,46,90,07,
469021,海南省,儋州市,定安县,46,90,21,
469022,海南省,儋州市,屯昌县,46,90,22,
469023,海南省,儋州市,澄迈县,46,90,23,
469024,海南省,儋州市,临高县,46,90,24,
469025,海南省,儋州市,白沙黎族自治县,46,90,25,
469026,海南省,儋州市,昌江黎族自治县,46,90,26,
469027,海南省,儋州市,乐东黎族自治县,46,90,27,
469028,海南省,儋州市,陵水黎族自治县,46,90,28,
469029,海南省,儋州市,保亭黎族苗族自治县,46,90,29,
469030,海南省,儋州市,琼中黎族苗族自治县,46,90,30,
500101,重庆市,重庆市,万州区,50,01,01,
500102,重庆市,重庆市,涪陵区,50,01,02,
500103,重庆市,重庆市,渝中区,50,01,03,
500104,重庆市,重庆市,大渡口区,50,01,04,
500105,重庆市,重庆市,江北区,50,01,05,
500106,重庆市,重庆市,沙坪坝区,50,01,06,
500107,重庆市,重庆市,九龙坡区,50,01,07,
500108,重庆市,重庆市,南岸区,50,01,08,
500109,重庆市,重庆市,北碚区,50,01,09,
500110,重庆市,重庆市,綦江区,50,01,10,
500111,重庆市,重庆市,大足区,50,01,11,
500112,重庆市,重庆市,渝北区,50,01,12,
500113,重庆市,重庆市,巴南区,50,01,13,
500114,重庆市,重庆市,黔江区,50,01,14,
500115,重庆市,重庆市,长寿区,50,01,15,
500116,重庆市,重庆市,江津区,50,01,16,
500117,重庆市,重庆市,合川区,50,01,17,
500118,重庆市,重庆市,永川区,50,01,18,
500119,重庆市,重庆市,南川区,50,01,19,
500120,重庆市,重庆市,璧山区,50,01,20,
500151,重庆市,重庆市,铜梁区,50,01,51,
500152,重庆市,重庆市,潼南区,50,01,52,
500153,重庆市,重庆市,荣昌区,50,01,53,
500154,重庆市,重庆市,开州区,50,01,54,
500155,重庆市,重庆市,梁平区,50,01,55,
500156,重庆市,重庆市,武隆区,50,01,56,
500229,重庆市,重庆市,城口县,50,02,29,
500230,重庆市,重庆市,丰都县,50,02,30,
500231,重庆市,重庆市,垫江县,50,02,31,
500233,重庆市,重庆市,忠县,50,02,33,
500235,重庆市,重庆市,云阳县,50,02,35,
500236,重庆市,重庆市,奉节县,50,02,36,
500237,重庆市,重庆市,巫山县,50,02,37,
500238,重庆市,重庆市,巫溪县,50,02,38,
500240,重庆市,重庆市,石柱土家族自治县,50,02,40,
500241,重庆市,重庆市,秀山土家族苗族自治县,50,02,41,
500242,重庆市,重庆市,酉阳土家族苗族自治县,50,02,42,
500243,重庆市,重庆市,彭水苗族土家族自治县,50,02,43,
510104,四川省,成都市,锦江区,51,01,04,
510105,四川省,成都市,青羊区,51,01,05,
510106,四川省,成都市,金牛区,51,01,06,
510107,四川省,成都市,武侯区,51,01,07,
510108,四川省,成都市,成华区,51,01,08,
510112,四川省,成都市,龙泉驿区,51,01,12,
510113,四川省,成都市,青白江区,51,01,13,
510114,四川省,成都市,新都区,51,01,14,
510115,四川省,成都市,温江区,51,01,15,
510116,四川省,成都市,双流区,51,01,16,
510117,四川省,成都市,郫都区,51,01,17,
510118,四川省,成都市,新津区,51,01,18,
510121,四川省,成都市,金堂县,51,01,21,
510129,四川省,成都市,大邑县,51,01,29,
510131,四川省,成都市,蒲江县,51,01,31,
510181,四川省,成都市,都江堰市,51,01,81,
510182,四川省,成都市,彭州市,51,01,82,
510183,四川省,成都市,邛崃市,51,01,83,
510184,四川省,成都市,崇州市,51,01,84,
510185,四川省,成都市,简阳市,51,01,85,
510302,四川省,自贡市,自流井区,51,03,02,
510303,四川省,自贡市,贡井区,51,03,03,
510304,四川省,自贡市,大安区,51,03,04,
510311,四川省,自贡市,沿滩区,51,03,11,
510321,四川省,自贡市,荣县,51,03,21,
510322,四川省,自贡市,富顺县,51,03,22,
510402,四川省,攀枝花市,东区,51,04,02,
510403,四川省,攀枝花市,西区,51,04,03,
510411,四川省,攀枝花市,仁和区,51,04,11,
510421,四川省,攀枝花市,米易县,51,04,21,
510422,四川省,攀枝花市,盐边县,51,04,22,
510502,四川省,泸州市,江阳区,51,05,02,
510503,四川省,泸州市,纳溪区,51,05,03,
510504,四川省,泸州市,龙马潭区,51,05,04,
510521,四川省,泸州市,泸县,51,05,21,
510522,四川省,泸州市,合江县,51,05,22,
510524,四川省,泸州市,叙永县,51,05,24,
510525,四川省,泸州市,古蔺县,51,05,25,
510603,四川省,德阳市,旌阳区,51,06,03,
510604,四川省,德阳市,罗江区,51,06,04,
510623,四川省,德阳市,中江县,51,06,23,
510681,四川省,德阳市,广汉市,51,06,81,
510682,四川省,德阳市,什邡市,51,06,82,
510683,四川省,德阳市,绵竹市,51,06,83,
510703,四川省,绵阳市,涪城区,51,07,03,
510704,四川省,绵阳市,游仙区,51,07,04,
510705,四川省,绵阳市,安州区,51,07,05,
510722,四川省,绵阳市,三台县,51,07,22,
510723,四川省,绵阳市,盐亭县,51,07,23,
510725,四川省,绵阳市,梓潼县,51,07,25,
510726,四川省,绵阳市,北川羌族自治县,51,07,26,
510727,四川省,绵阳市,平武县,51,07,27,
510781,四川省,绵阳市,江油市,51,07,81,
510802,四川省,广元市,利州区,51,08,02,
510811,四川省,广元市,昭化区,51,08,11,
510812,四川省,广元市,朝天区,51,08,12,
510821,四川省,广元市,旺苍县,51,08,21,
510822,四川省,广元市,青川县,51,08,22,
510823,四川省,广元市,剑阁县,51,08,23,
510824,四川省,广元市,苍溪县,51,08,24,
510903,四川省,遂宁市,船山区,51,09,03,
510904,四川省,遂宁市,安居区,51,09,04,
510921,四川省,遂宁市,蓬溪县,51,09,21,
510923,四川省,遂宁市,大英县,51,09,23,
510981,四川省,遂宁市,射洪市,51,09,81,
511002,四川省,内江市,市中区,51,10,02,
511011,四川省,内江市,东兴区,51,10,11,
511024,四川省,内江市,威远县,51,10,24,
511025,四川省,内江市,资中县,51,10,25,
511083,四川省,内江市,隆昌市,51,10,83,
511102,四川省,乐山市,市中区,51,11,02,
511111,四川省,乐山市,沙湾区,51,11,11,
511112,四川省,乐山市,五通桥区,51,11,12,
511113,四川省,乐山市,金口河区,51,11,13,
511123,四川省,乐山市,犍为县,51,11,23,
511124,四川省,乐山市,井研县,51,11,24,
511126,四川省,乐山市,夹江县,51,11,26,
511129,四川省,乐山市,沐川县,51,11,29,
511132,四川省,乐山市,峨边彝族自治县,51,11,32,
511133,四川省,乐山市,马边彝族自治县,51,11,33,
511181,四川省,乐山市,峨眉山市,51,11,81,
511302,四川省,南充市,顺庆区,51,13,02,
511303,四川省,南充市,高坪区,51,13,03,
511304,四川省,南充市,嘉陵区,51,13,04,
511321,四川省,南充市,南部县,51,13,21,
511322,四川省,南充市,营山县,51,13,22,
511323,四川省,南充市,蓬安县,51,13,23,
511324,四川省,南充市,仪陇县,51,13,24,
511325,四川省,南充市,西充县,51,13,25,
511381,四川省,南充市,阆中市,51,13,81,
511402,四川省,眉山市,东坡区,51,14,02,
511403,四川省,眉山市,彭山区,51,14,03,
511421,四川省,眉山市,仁寿县,51,14,21,
511423,四川省,眉山市,洪雅县,51,14,23,
511424,四川省,眉山市,丹棱县,51,14,24,
511425,四川省,眉山市,青神县,51,14,25,
511502,四川省,宜宾市,翠屏区,51,15,02,
511503,四川省,宜宾市,南溪区,51,15,03,
511504,四川省,宜宾市,叙州区,51,15,04,
511523,四川省,宜宾市,江安县,51,15,23,
511524,四川省,宜宾市,长宁县,51,15,24,
511525,四川省,宜宾市,高县,51,15,25,
511526,四川省,宜宾市,珙县,51,15,26,
511527,四川省,宜宾市,筠连县,51,15,27,
511528,四川省,宜宾市,兴文县,51,15,28,
511529,四川省,宜宾市,屏山县,51,15,29,
511602,四川省,广安市,广安区,51,16,02,
511603,四川省,广安市,前锋区,51,16,03,
511621,四川省,广安市,岳池县,51,16,21,
511622,四川省,广安市,武胜县,51,16,22,
511623,四川省,广安市,邻水县,51,16,23,
511681,四川省,广安市,华蓥市,51,16,81,
511702,四川省,达州市,通川区,51,17,02,
511703,四川省,达州市,达川区,51,17,03,
511722,四川省,达州市,宣汉县,51,17,22,
511723,四川省,达州市,开江县,51,17,23,
511724,四川省,达州市,大竹县,51,17,24,
511725,四川省,达州市,渠县,51,17,25,
511781,四川省,达州市,万源市,51,17,81,
511802,四川省,雅安市,雨城区,51,18,02,
511803,四川省,雅安市,名山区,51,18,03,
511822,四川省,雅安市,荥经县,51,18,22,
511823,四川省,雅安市,汉源县,51,18,23,
511824,四川省,雅安市,石棉县,51,18,24,
511825,四川省,雅安市,天全县,51,18,25,
511826,四川省,雅安市,芦山县,51,18,26,
511827,四川省,雅安市,宝兴县,51,18,27,
511902,四川省,巴中市,巴州区,51,19,02,
511903,四川省,巴中市,恩阳区,51,19,03,
511921,四川省,巴中市,通江县,51,19,21,
511922,四川省,巴中市,南江县,51,19,22,
511923,四川省,巴中市,平昌县,51,19,23,
512002,四川省,资阳市,雁江区,51,20,02,
512021,四川省,资阳市,安岳县,51,20,21,
512022,四川省,资阳市,乐至县,51,20,22,
513201,四川省,阿坝藏族羌族自治州,马尔康市,51,32,01,
513221,四川省,阿坝藏族羌族自治州,汶川县,51,32,21,
513222,四川省,阿坝藏族羌族自治州,理县,51,32,22,
513223,四川省,阿坝藏族羌族自治州,茂县,51,32,23,
513224,四川省,阿坝藏族羌族自治州,松潘县,51,32,24,
513225,四川省,阿坝藏族羌族自治州,九寨沟县,51,32,25,
513226,四川省,阿坝藏族羌族自治州,金川县,51,32,26,
513227,四川省,阿坝藏族羌族自治州,小金县,51,32,27,
513228,四川省,阿坝藏族羌族自治州,黑水县,51,32,28,
513230,四川省,阿坝藏族羌族自治州,壤塘县,51,32,30,
513231,四川省,阿坝藏族羌族自治州,阿坝县,51,32,31,
513232,四川省,阿坝藏族羌族自治州,若尔盖县,51,32,32,
513233,四川省,阿坝藏族羌族自治州,红原县,51,32,33,
513301,四川省,甘孜藏族自治州,康定市,51,33,01,
513322,四川省,甘孜藏族自治州,泸定县,51,33,22,
513323,四川省,甘孜藏族自治州,丹巴县,51,33,23,
513324,四川省,甘孜藏族自治州,九龙县,51,33,24,
513325,四川省,甘孜藏族自治州,雅江县,51,33,25,
513326,四川省,甘孜藏族自治州,道孚县,51,33,26,
513327,四川省,甘孜藏族自治州,炉霍县,51,33,27,
513328,四川省,甘孜藏族自治州,甘孜县,51,33,28,
513329,四川省,甘孜藏族自治州,新龙县,51,33,29,
513330,四川省,甘孜藏族自治州,德格县,51,33,30,
513331,四川省,甘孜藏族自治州,白玉县,51,33,31,
513332,四川省,甘孜藏族自治州,石渠县,51,33,32,
513333,四川省,甘孜藏族自治州,色达县,51,33,33,
513334,四川省,甘孜藏族自治州,理塘县,51,33,34,
513335,四川省,甘孜藏族自治州,巴塘县,51,33,35,
513336,四川省,甘孜藏族自治州,乡城县,51,33,36,
513337,四川省,甘孜藏族自治州,稻城县,51,33,37,
513338,四川省,甘孜藏族自治州,得荣县,51,33,38,
513401,四川省,凉山彝族自治州,西昌市,51,34,01,
513422,四川省,凉山彝族自治州,木里藏族自治县,51,34,22,
513423,四川省,凉山彝族自治州,盐源县,51,34,23,
513424,四川省,凉山彝族自治州,德昌县,51,34,24,
513425,四川省,凉山彝族自治州,会理县,51,34,25,
513426,四川省,凉山彝族自治州,会东县,51,34,26,
513427,四川省,凉山彝族自治州,宁南县,51,34,27,
513428,四川省,凉山彝族自治州,普格县,51,34,28,
513429,四川省,凉山彝族自治州,布拖县,51,34,29,
513430,四川省,凉山彝族自治州,金阳县,51,34,30,
513431,四川省,凉山彝族自治州,昭觉县,51,34,31,
513432,四川省,凉山彝族自治州,喜德县,51,34,32,
513433,四川省,凉山彝族自治州,冕宁县,51,34,33,
513434,四川省,凉山彝族自治州,越西县,51,34,34,
513435,四川省,凉山彝族自治州,甘洛县,51,34,35,
513436,四川省,凉山彝族自治州,美姑县,51,34,36,
513437,四川省,凉山彝族自治州,雷波县,51,34,37,
520102,贵州省,贵阳市,南明区,52,01,02,
520103,贵州省,贵阳市,云岩区,52,01,03,
520111,贵州省,贵阳市,花溪区,52,01,11,
520112,贵州省,贵阳市,乌当区,52,01,12,
520113,贵州省,贵阳市,白云区,52,01,13,
520115,贵州省,贵阳市,观山湖区,52,01,15,
520121,贵州省,贵阳市,开阳县,52,01,21,
520122,贵州省,贵阳市,息烽县,52,01,22,
520123,贵州省,贵阳市,修文县,52,01,23,
520181,贵州省,贵阳市,清镇市,52,01,81,
520201,贵州省,六盘水市,钟山区,52,02,01,
520203,贵州省,六盘水市,六枝特区,52,02,03,
520204,贵州省,六盘水市,水城区,52,02,04,
520281,贵州省,六盘水市,盘州市,52,02,81,
520302,贵州省,遵义市,红花岗区,52,03,02,
520303,贵州省,遵义市,汇川区,52,03,03,
520304,贵州省,遵义市,播州区,52,03,04,
520322,贵州省,遵义市,桐梓县,52,03,22,
520323,贵州省,遵义市,绥阳县,52,03,23,
520324,贵州省,遵义市,正安县,52,03,24,
520325,贵州省,遵义市,道真仡佬族苗族自治县,52,03,25,
520326,贵州省,遵义市,务川仡佬族苗族自治县,52,03,26,
520327,贵州省,遵义市,凤冈县,52,03,27,
520328,贵州省,遵义市,湄潭县,52,03,28,
520329,贵州省,遵义市,余庆县,52,03,29,
520330,贵州省,遵义市,习水县,52,03,30,
520381,贵州省,遵义市,赤水市,52,03,81,
520382,贵州省,遵义市,仁怀市,52,03,82,
520402,贵州省,安顺市,西秀区,52,04,02,
520403,贵州省,安顺市,平坝区,52,04,03,
520422,贵州省,安顺市,普定县,52,04,22,
520423,贵州省,安顺市,镇宁布依族苗族自治县,52,04,23,
520424,贵州省,安顺市,关岭布依族苗族自治县,52,04,24,
520425,贵州省,安顺市,紫云苗族布依族自治县,52,04,25,
520502,贵州省,毕节市,七星关区,52,05,02,
520521,贵州省,毕节市,大方县,52,05,21,
520522,贵州省,毕节市,黔西县,52,05,22,
520523,贵州省,毕节市,金沙县,52,05,23,
520524,贵州省,毕节市,织金县,52,05,24,
520525,贵州省,毕节市,纳雍县,52,05,25,
520526,贵州省,毕节市,威宁彝族回族苗族自治县,52,05,26,
520527,贵州省,毕节市,赫章县,52,05,27,
520602,贵州省,铜仁市,碧江区,52,06,02,
520603,贵州省,铜仁市,万山区,52,06,03,
520621,贵州省,铜仁市,江口县,52,06,21,
520622,贵州省,铜仁市,玉屏侗族自治县,52,06,22,
520623,贵州省,铜仁市,石阡县,52,06,23,
520624,贵州省,铜仁市,思南县,52,06,24,
520625,贵州省,铜仁市,印江土家族苗族自治县,52,06,25,
520626,贵州省,铜仁市,德江县,52,06,26,
520627,贵州省,铜仁市,沿河土家族自治县,52,06,27,
520628,贵州省,铜仁市,松桃苗族自治县,52,06,28,
522301,贵州省,黔西南布依族苗族自治州,兴义市,52,23,01,
522302,贵州省,黔西南布依族苗族自治州,兴仁市,52,23,02,
522323,贵州省,黔西南布依族苗族自治州,普安县,52,23,23,
522324,贵州省,黔西南布依族苗族自治州,晴隆县,52,23,24,
522325,贵州省,黔西南布依族苗族自治州,贞丰县,52,23,25,
522326,贵州省,黔西南布依族苗族自治州,望谟县,52,23,26,
522327,贵州省,黔西南布依族苗族自治州,册亨县,52,23,27,
522328,贵州省,黔西南布依族苗族自治州,安龙县,52,23,28,
522601,贵州省,黔东南苗族侗族自治州,凯里市,52,26,01,
522622,贵州省,黔东南苗族侗族自治州,黄平县,52,26,22,
522623,贵州省,黔东南苗族侗族自治州,施秉县,52,26,23,
522624,贵州省,黔东南苗族侗族自治州,三穗县,52,26,24,
522625,贵州省,黔东南苗族侗族自治州,镇远县,52,26,25,
522626,贵州省,黔东南苗族侗族自治州,岑巩县,52,26,26,
522627,贵州省,黔东南苗族侗族自治州,天柱县,52,26,27,
522628,贵州省,黔东南苗族侗族自治州,锦屏县,52,26,28,
522629,贵州省,黔东南苗族侗族自治州,剑河县,52,26,29,
522630,贵州省,黔东南苗族侗族自治州,台江县,52,26,30,
522631,贵州省,黔东南苗族侗族自治州,黎平县,52,26,31,
522632,贵州省,黔东南苗族侗族自治州,榕江县,52,26,32,
522633,贵州省,黔东南苗族侗族自治州,从江县,52,26,33,
522634,贵州省,黔东南苗族侗族自治州,雷山县,52,26,34,
522635,贵州省,黔东南苗族侗族自治州,麻江县,52,26,35,
522636,贵州省,黔东南苗族侗族自治州,丹寨县,52,26,36,
522701,贵州省,黔南布依族苗族自治州,都匀市,52,27,01,
522702,贵州省,黔南布依族苗族自治州,福泉市,52,27,02,
522722,贵州省,黔南布依族苗族自治州,荔波县,52,27,22,
522723,贵州省,黔南布依族苗族自治州,贵定县,52,27,23,
522725,贵州省,黔南布依族苗族自治州,瓮安县,52,27,25,
522726,贵州省,黔南布依族苗族自治州,独山县,52,27,26,
522727,贵州省,黔南布依族苗族自治州,平塘县,52,27,27,
522728,贵州省,黔南布依族苗族自治州,罗甸县,52,27,28,
522729,贵州省,黔南布依族苗族自治州,长顺县,52,27,29,
522730,贵州省,黔南布依族苗族自治州,龙里县,52,27,30,
522731,贵州省,黔南布依族苗族自治州,惠水县,52,27,31,
522732,贵州省,黔南布依族苗族自治州,三都水族自治县,52,27,32,
530102,云南省,昆明市,五华区,53,01,02,
530103,云南省,昆明市,盘龙区,53,01,03,
530111,云南省,昆明市,官渡区,53,01,11,
530112,云南省,昆明市,西山区,53,01,12,
530113,云南省,昆明市,东川区,53,01,13,
530114,云南省,昆明市,呈贡区,53,01,14,
530115,云南省,昆明市,晋宁区,53,01,15,
530124,云南省,昆明市,富民县,53,01,24,
530125,云南省,昆明市,宜良县,53,01,25,
530126,云南省,昆明市,石林彝族自治县,53,01,26,
530127,云南省,昆明市,嵩明县,53,01,27,
530128,云南省,昆明市,禄劝彝族苗族自治县,53,01,28,
530129,云南省,昆明市,寻甸回族彝族自治县,53,01,29,
530181,云南省,昆明市,安宁市,53,01,81,
530302,云南省,曲靖市,麒麟区,53,03,02,
530303,云南省,曲靖市,沾益区,53,03,03,
530304,云南省,曲靖市,马龙区,53,03,04,
530322,云南省,曲靖市,陆良县,53,03,22,
530323,云南省,曲靖市,师宗县,53,03,23,
530324,云南省,曲靖市,罗平县,53,03,24,
530325,云南省,曲靖市,富源县,53,03,25,
530326,云南省,曲靖市,会泽县,53,03,26,
530381,云南省,曲靖市,宣威市,53,03,81,
530402,云南省,玉溪市,红塔区,53,04,02,
530403,云南省,玉溪市,江川区,53,04,03,
530423,云南省,玉溪市,通海县,53,04,23,
530424,云南省,玉溪市,华宁县,53,04,24,
530425,云南省,玉溪市,易门县,53,04,25,
530426,云南省,玉溪市,峨山彝族自治县,53,04,26,
530427,云南省,玉溪市,新平彝族傣族自治县,53,04,27,
530428,云南省,玉溪市,元江哈尼族彝族傣族自治县,53,04,28,
530481,云南省,玉溪市,澄江市,53,04,81,
530502,云南省,保山市,隆阳区,53,05,02,
530521,云南省,保山市,施甸县,53,05,21,
530523,云南省,保山市,龙陵县,53,05,23,
530524,云南省,保山市,昌宁县,53,05,24,
530581,云南省,保山市,腾冲市,53,05,81,
530602,云南省,昭通市,昭阳区,53,06,02,
530621,云南省,昭通市,鲁甸县,53,06,21,
530622,云南省,昭通市,巧家县,53,06,22,
530623,云南省,昭通市,盐津县,53,06,23,
530624,云南省,昭通市,大关县,53,06,24,
530625,云南省,昭通市,永善县,53,06,25,
530626,云南省,昭通市,绥江县,53,06,26,
530627,云南省,昭通市,镇雄县,53,06,27,
530628,云南省,昭通市,彝良县,53,06,28,
530629,云南省,昭通市,威信县,53,06,29,
530681,云南省,昭通市,水富市,53,06,81,
530702,云南省,丽江市,古城区,53,07,02,
530721,云南省,丽江市,玉龙纳西族自治县,53,07,21,
530722,云南省,丽江市,永胜县,53,07,22,
530723,云南省,丽江市,华坪县,53,07,23,
530724,云南省,丽江市,宁蒗彝族自治县,53,07,24,
530802,云南省,普洱市,思茅区,53,08,02,
530821,云南省,普洱市,宁洱哈尼族彝族自治县,53,08,21,
530822,云南省,普洱市,墨江哈尼族自治县,53,08,22,
530823,云南省,普洱市,景东彝族自治县,53,08,23,
530824,云南省,普洱市,景谷傣族彝族自治县,53,08,24,
530825,云南省,普洱市,镇沅彝族哈尼族拉祜族自治县,53,08,25,
530826,云南省,普洱市,江城哈尼族彝族自治县,53,08,26,
530827,云南省,普洱市,孟连傣族拉祜族佤族自治县,53,08,27,
530828,云南省,普洱市,澜沧拉祜族自治县,53,08,28,
530829,云南省,普洱市,西盟佤族自治县,53,08,29,
530902,云南省,临沧市,临翔区,53,09,02,
530921,云南省,临沧市,凤庆县,53,09,21,
530922,云南省,临沧市,云县,53,09,22,
530923,云南省,临沧市,永德县,53,09,23,
530924,云南省,临沧市,镇康县,53,09,24,
530925,云南省,临沧市,双江拉祜族佤族布朗族傣族自治县,53,09,25,
530926,云南省,临沧市,耿马傣族佤族自治县,53,09,26,
530927,云南省,临沧市,沧源佤族自治县,53,09,27,
532301,云南省,楚雄彝族自治州,楚雄市,53,23,01,
532322,云南省,楚雄彝族自治州,双柏县,53,23,22,
532323,云南省,楚雄彝族自治州,牟定县,53,23,23,
532324,云南省,楚雄彝族自治州,南华县,53,23,24,
532325,云南省,楚雄彝族自治州,姚安县,53,23,25,
532326,云南省,楚雄彝族自治州,大姚县,53,23,26,
532327,云南省,楚雄彝族自治州,永仁县,53,23,27,
532328,云南省,楚雄彝族自治州,元谋县,53,23,28,
532329,云南省,楚雄彝族自治州,武定县,53,23,29,
532331,云南省,楚雄彝族自治州,禄丰县,53,23,31,
532501,云南省,红河哈尼族彝族自治州,个旧市,53,25,01,
532502,云南省,红河哈尼族彝族自治州,开远市,53,25,02,
532503,云南省,红河哈尼族彝族自治州,蒙自市,53,25,03,
532504,云南省,红河哈尼族彝族自治州,弥勒市,53,25,04,
532523,云南省,红河哈尼族彝族自治州,屏边苗族自治县,53,25,23,
532524,云南省,红河哈尼族彝族自治州,建水县,53,25,24,
532525,云南省,红河哈尼族彝族自治州,石屏县,53,25,25,
532527,云南省,红河哈尼族彝族自治州,泸西县,53,25,27,
532528,云南省,红河哈尼族彝族自治州,元阳县,53,25,28,
532529,云南省,红河哈尼族彝族自治州,红河县,53,25,29,
532530,云南省,红河哈尼族彝族自治州,金平苗族瑶族傣族自治县,53,25,30,
532531,云南省,红河哈尼族彝族自治州,绿春县,53,25,31,
532532,云南省,红河哈尼族彝族自治州,河口瑶族自治县,53,25,32,
532601,云南省,文山壮族苗族自治州,文山市,53,26,01,
532622,云南省,文山壮族苗族自治州,砚山县,53,26,22,
532623,云南省,文山壮族苗族自治州,西畴县,53,26,23,
532624,云南省,文山壮族苗族自治州,麻栗坡县,53,26,24,
532625,云南省,文山壮族苗族自治州,马关县,53,26,25,
532626,云南省,文山壮族苗族自治州,丘北县,53,26,26,
532627,云南省,文山壮族苗族自治州,广南县,53,26,27,
532628,云南省,文山壮族苗族自治州,富宁县,53,26,28,
532801,云南省,西双版纳傣族自治州,景洪市,53,28,01,
532822,云南省,西双版纳傣族自治州,勐海县,53,28,22,
532823,云南省,西双版纳傣族自治州,勐腊县,53,28,23,
532901,云南省,大理白族自治州,大理市,53,29,01,
532922,云南省,大理白族自治州,漾濞彝族自治县,53,29,22,
532923,云南省,大理白族自治州,祥云县,53,29,23,
532924,云南省,大理白族自治州,宾川县,53,29,24,
532925,云南省,大理白族自治州,弥渡县,53,29,25,
532926,云南省,大理白族自治州,南涧彝族自治县,53,29,26,
532927,云南省,大理白族自治州,巍山彝族回族自治县,53,29,27,
532928,云南省,大理白族自治州,永平县,53,29,28,
532929,云南省,大理白族自治州,云龙县,53,29,29,
532930,云南省,大理白族自治州,洱源县,53,29,30,
532931,云南省,大理白族自治州,剑川县,53,29,31,
532932,云南省,大理白族自治州,鹤庆县,53,29,32,
533102,云南省,德宏傣族景颇族自治州,瑞丽市,53,31,02,
533103,云南省,德宏傣族景颇族自治州,芒市,53,31,03,
533122,云南省,德宏傣族景颇族自治州,梁河县,53,31,22,
533123,云南省,德宏傣族景颇族自治州,盈江县,53,31,23,
533124,云南省,德宏傣族景颇族自治州,陇川县,53,31,24,
533301,云南省,怒江傈僳族自治州,泸水市,53,33,01,
533323,云南省,怒江傈僳族自治州,福贡县,53,33,23,
533324,云南省,怒江傈僳族自治州,贡山独龙族怒族自治县,53,33,24,
533325,云南省,怒江傈僳族自治州,兰坪白族普米族自治县,53,33,25,
533401,云南省,迪庆藏族自治州,香格里拉市,53,34,01,
533422,云南省,迪庆藏族自治州,德钦县,53,34,22,
533423,云南省,迪庆藏族自治州,维西傈僳族自治县,53,34,23,
540102,西藏自治区,拉萨市,城关区,54,01,02,
540103,西藏自治区,拉萨市,堆龙德庆区,54,01,03,
540104,西藏自治区,拉萨市,达孜区,54,01,04,
540121,西藏自治区,拉萨市,林周县,54,01,21,
540122,西藏自治区,拉萨市,当雄县,54,01,22,
540123,西藏自治区,拉萨市,尼木县,54,01,23,
540124,西藏自治区,拉萨市,曲水县,54,01,24,
540127,西藏自治区,拉萨市,墨竹工卡县,54,01,27,
540202,西藏自治区,日喀则市,桑珠孜区,54,02,02,
540221,西藏自治区,日喀则市,南木林县,54,02,21,
540222,西藏自治区,日喀则市,江孜县,54,02,22,
540223,西藏自治区,日喀则市,定日县,54,02,23,
540224,西藏自治区,日喀则市,萨迦县,54,02,24,
540225,西藏自治区,日喀则市,拉孜县,54,02,25,
540226,西藏自治区,日喀则市,昂仁县,54,02,26,
540227,西藏自治区,日喀则市,谢通门县,54,02,27,
540228,西藏自治区,日喀则市,白朗县,54,02,28,
540229,西藏自治区,日喀则市,仁布县,54,02,29,
540230,西藏自治区,日喀则市,康马县,54,02,30,
540231,西藏自治区,日喀则市,定结县,54,02,31,
540232,西藏自治区,日喀则市,仲巴县,54,02,32,
540233,西藏自治区,日喀则市,亚东县,54,02,33,
540234,西藏自治区,日喀则市,吉隆县,54,02,34,
540235,西藏自治区,日喀则市,聂拉木县,54,02,35,
540236,西藏自治区,日喀则市,萨嘎县,54,02,36,
540237,西藏自治区,日喀则市,岗巴县,54,02,37,
540302,西藏自治区,昌都市,卡若区,54,03,02,
540321,西藏自治区,昌都市,江达县,54,03,21,
540322,西藏自治区,昌都市,贡觉县,54,03,22,
540323,西藏自治区,昌都市,类乌齐县,54,03,23,
540324,西藏自治区,昌都市,丁青县,54,03,24,
540325,西藏自治区,昌都市,察雅县,54,03,25,
540326,西藏自治区,昌都市,八宿县,54,03,26,
540327,西藏自治区,昌都市,左贡县,54,03,27,
540328,西藏自治区,昌都市,芒康县,54,03,28,
540329,西藏自治区,昌都市,洛隆县,54,03,29,
540330,西藏自治区,昌都市,边坝县,54,03,30,
540402,西藏自治区,林芝市,巴宜区,54,04,02,
540421,西藏自治区,林芝市,工布江达县,54,04,21,
540422,西藏自治区,林芝市,米林县,54,04,22,
540423,西藏自治区,林芝市,墨脱县,54,04,23,
540424,西藏自治区,林芝市,波密县,54,04,24,
540425,西藏自治区,林芝市,察隅县,54,04,25,
540426,西藏自治区,林芝市,朗县,54,04,26,
540502,西藏自治区,山南市,乃东区,54,05,02,
540521,西藏自治区,山南市,扎囊县,54,05,21,
540522,西藏自治区,山南市,贡嘎县,54,05,22,
540523,西藏自治区,山南市,桑日县,54,05,23,
540524,西藏自治区,山南市,琼结县,54,05,24,
540525,西藏自治区,山南市,曲松县,54,05,25,
540526,西藏自治区,山南市,措美县,54,05,26,
540527,西藏自治区,山南市,洛扎县,54,05,27,
540528,西藏自治区,山南市,加查县,54,05,28,
540529,西藏自治区,山南市,隆子县,54,05,29,
540530,西藏自治区,山南市,错那县,54,05,30,
540531,西藏自治区,山南市,浪卡子县,54,05,31,
540602,西藏自治区,那曲市,色尼区,54,06,02,
540621,西藏自治区,那曲市,嘉黎县,54,06,21,
540622,西藏自治区,那曲市,比如县,54,06,22,
540623,西藏自治区,那曲市,聂荣县,54,06,23,
540624,西藏自治区,那曲市,安多县,54,06,24,
540625,西藏自治区,那曲市,申扎县,54,06,25,
540626,西藏自治区,那曲市,索县,54,06,26,
540627,西藏自治区,那曲市,班戈县,54,06,27,
540628,西藏自治区,那曲市,巴青县,54,06,28,
540629,西藏自治区,那曲市,尼玛县,54,06,29,
540630,西藏自治区,那曲市,双湖县,54,06,30,
542521,西藏自治区,阿里地区,普兰县,54,25,21,
542522,西藏自治区,阿里地区,札达县,54,25,22,
542523,西藏自治区,阿里地区,噶尔县,54,25,23,
542524,西藏自治区,阿里地区,日土县,54,25,24,
542525,西藏自治区,阿里地区,革吉县,54,25,25,
542526,西藏自治区,阿里地区,改则县,54,25,26,
542527,西藏自治区,阿里地区,措勤县,54,25,27,
610102,陕西省,西安市,新城区,61,01,02,
610103,陕西省,西安市,碑林区,61,01,03,
610104,陕西省,西安市,莲湖区,61,01,04,
610111,陕西省,西安市,灞桥区,61,01,11,
610112,陕西省,西安市,未央区,61,01,12,
610113,陕西省,西安市,雁塔区,61,01,13,
610114,陕西省,西安市,阎良区,61,01,14,
610115,陕西省,西安市,临潼区,61,01,15,
610116,陕西省,西安市,长安区,61,01,16,
610117,陕西省,西安市,高陵区,61,01,17,
610118,陕西省,西安市,邑区,61,01,18,
610122,陕西省,西安市,蓝田县,61,01,22,
610124,陕西省,西安市,周至县,61,01,24,
610202,陕西省,铜川市,王益区,61,02,02,
610203,陕西省,铜川市,印台区,61,02,03,
610204,陕西省,铜川市,耀州区,61,02,04,
610222,陕西省,铜川市,宜君县,61,02,22,
610302,陕西省,宝鸡市,渭滨区,61,03,02,
610303,陕西省,宝鸡市,金台区,61,03,03,
610304,陕西省,宝鸡市,陈仓区,61,03,04,
610322,陕西省,宝鸡市,凤翔县,61,03,22,
610323,陕西省,宝鸡市,岐山县,61,03,23,
610324,陕西省,宝鸡市,扶风县,61,03,24,
610326,陕西省,宝鸡市,眉县,61,03,26,
610327,陕西省,宝鸡市,陇县,61,03,27,
610328,陕西省,宝鸡市,千阳县,61,03,28,
610329,陕西省,宝鸡市,麟游县,61,03,29,
610330,陕西省,宝鸡市,凤县,61,03,30,
610331,陕西省,宝鸡市,太白县,61,03,31,
610402,陕西省,咸阳市,秦都区,61,04,02,
610403,陕西省,咸阳市,杨陵区,61,04,03,
610404,陕西省,咸阳市,渭城区,61,04,04,
610422,陕西省,咸阳市,三原县,61,04,22,
610423,陕西省,咸阳市,泾阳县,61,04,23,
610424,陕西省,咸阳市,乾县,61,04,24,
610425,陕西省,咸阳市,礼泉县,61,04,25,
610426,陕西省,咸阳市,永寿县,61,04,26,
610428,陕西省,咸阳市,长武县,61,04,28,
610429,陕西省,咸阳市,旬邑县,61,04,29,
610430,陕西省,咸阳市,淳化县,61,04,30,
610431,陕西省,咸阳市,武功县,61,04,31,
610481,陕西省,咸阳市,兴平市,61,04,81,
610482,陕西省,咸阳市,彬州市,61,04,82,
610502,陕西省,渭南市,临渭区,61,05,02,
610503,陕西省,渭南市,华州区,61,05,03,
610522,陕西省,渭南市,潼关县,61,05,22,
610523,陕西省,渭南市,大荔县,61,05,23,
610524,陕西省,渭南市,合阳县,61,05,24,
610525,陕西省,渭南市,澄城县,61,05,25,
610526,陕西省,渭南市,蒲城县,61,05,26,
610527,陕西省,渭南市,白水县,61,05,27,
610528,陕西省,渭南市,富平县,61,05,28,
610581,陕西省,渭南市,韩城市,61,05,81,
610582,陕西省,渭南市,华阴市,61,05,82,
610602,陕西省,延安市,宝塔区,61,06,02,
610603,陕西省,延安市,安塞区,61,06,03,
610621,陕西省,延安市,延长县,61,06,21,
610622,陕西省,延安市,延川县,61,06,22,
610625,陕西省,延安市,志丹县,61,06,25,
610626,陕西省,延安市,吴起县,61,06,26,
610627,陕西省,延安市,甘泉县,61,06,27,
610628,陕西省,延安市,富县,61,06,28,
610629,陕西省,延安市,洛川县,61,06,29,
610630,陕西省,延安市,宜川县,61,06,30,
610631,陕西省,延安市,黄龙县,61,06,31,
610632,陕西省,延安市,黄陵县,61,06,32,
610681,陕西省,延安市,子长市,61,06,81,
610702,陕西省,汉中市,汉台区,61,07,02,
610703,陕西省,汉中市,南郑区,61,07,03,
610722,陕西省,汉中市,城固县,61,07,22,
610723,陕西省,汉中市,洋县,61,07,23,
610724,陕西省,汉中市,西乡县,61,07,24,
610725,陕西省,汉中市,勉县,61,07,25,
610726,陕西省,汉中市,宁强县,61,07,26,
610727,陕西省,汉中市,略阳县,61,07,27,
610728,陕西省,汉中市,镇巴县,61,07,28,
610729,陕西省,汉中市,留坝县,61,07,29,
610730,陕西省,汉中市,佛坪县,61,07,30,
610802,陕西省,榆林市,榆阳区,61,08,02,
610803,陕西省,榆林市,横山区,61,08,03,
610822,陕西省,榆林市,府谷县,61,08,22,
610824,陕西省,榆林市,靖边县,61,08,24,
610825,陕西省,榆林市,定边县,61,08,25,
610826,陕西省,榆林市,绥德县,61,08,26,
610827,陕西省,榆林市,米脂县,61,08,27,
610828,陕西省,榆林市,佳县,61,08,28,
610829,陕西省,榆林市,吴堡县,61,08,29,
610830,陕西省,榆林市,清涧县,61,08,30,
610831,陕西省,榆林市,子洲县,61,08,31,
610881,陕西省,榆林市,神木市,61,08,81,
610902,陕西省,安康市,汉滨区,61,09,02,
610921,陕西省,安康市,汉阴县,61,09,21,
610922,陕西省,安康市,石泉县,61,09,22,
610923,陕西省,安康市,宁陕县,61,09,23,
610924,陕西省,安康市,紫阳县,61,09,24,
610925,陕西省,安康市,岚皋县,61,09,25,
610926,陕西省,安康市,平利县,61,09,26,
610927,陕西省,安康市,镇坪县,61,09,27,
610928,陕西省,安康市,旬阳县,61,09,28,
610929,陕西省,安康市,白河县,61,09,29,
611002,陕西省,商洛市,商州区,61,10,02,
611021,陕西省,商洛市,洛南县,61,10,21,
611022,陕西省,商洛市,丹凤县,61,10,22,
611023,陕西省,商洛市,商南县,61,10,23,
611024,陕西省,商洛市,山阳县,61,10,24,
611025,陕西省,商洛市,镇安县,61,10,25,
611026,陕西省,商洛市,柞水县,61,10,26,
620102,甘肃省,兰州市,城关区,62,01,02,
620103,甘肃省,兰州市,七里河区,62,01,03,
620104,甘肃省,兰州市,西固区,62,01,04,
620105,甘肃省,兰州市,安宁区,62,01,05,
620111,甘肃省,兰州市,红古区,62,01,11,
620121,甘肃省,兰州市,永登县,62,01,21,
620122,甘肃省,兰州市,皋兰县,62,01,22,
620123,甘肃省,兰州市,榆中县,62,01,23,
620200,甘肃省,嘉峪关市,,62,02,00,
620302,甘肃省,金昌市,金川区,62,03,02,
620321,甘肃省,金昌市,永昌县,62,03,21,
620402,甘肃省,白银市,白银区,62,04,02,
620403,甘肃省,白银市,平川区,62,04,03,
620421,甘肃省,白银市,靖远县,62,04,21,
620422,甘肃省,白银市,会宁县,62,04,22,
620423,甘肃省,白银市,景泰县,62,04,23,
620502,甘肃省,天水市,秦州区,62,05,02,
620503,甘肃省,天水市,麦积区,62,05,03,
620521,甘肃省,天水市,清水县,62,05,21,
620522,甘肃省,天水市,秦安县,62,05,22,
620523,甘肃省,天水市,甘谷县,62,05,23,
620524,甘肃省,天水市,武山县,62,05,24,
620525,甘肃省,天水市,张家川回族自治县,62,05,25,
620602,甘肃省,武威市,凉州区,62,06,02,
620621,甘肃省,武威市,民勤县,62,06,21,
620622,甘肃省,武威市,古浪县,62,06,22,
620623,甘肃省,武威市,天祝藏族自治县,62,06,23,
620702,甘肃省,张掖市,甘州区,62,07,02,
620721,甘肃省,张掖市,肃南裕固族自治县,62,07,21,
620722,甘肃省,张掖市,民乐县,62,07,22,
620723,甘肃省,张掖市,临泽县,62,07,23,
620724,甘肃省,张掖市,高台县,62,07,24,
620725,甘肃省,张掖市,山丹县,62,07,25,
620802,甘肃省,平凉市,崆峒区,62,08,02,
620821,甘肃省,平凉市,泾川县,62,08,21,
620822,甘肃省,平凉市,灵台县,62,08,22,
620823,甘肃省,平凉市,崇信县,62,08,23,
620825,甘肃省,平凉市,庄浪县,62,08,25,
620826,甘肃省,平凉市,静宁县,62,08,26,
620881,甘肃省,平凉市,华亭市,62,08,81,
620902,甘肃省,酒泉市,肃州区,62,09,02,
620921,甘肃省,酒泉市,金塔县,62,09,21,
620922,甘肃省,酒泉市,瓜州县,62,09,22,
620923,甘肃省,酒泉市,肃北蒙古族自治县,62,09,23,
620924,甘肃省,酒泉市,阿克塞哈萨克族自治县,62,09,24,
620981,甘肃省,酒泉市,玉门市,62,09,81,
620982,甘肃省,酒泉市,敦煌市,62,09,82,
621002,甘肃省,庆阳市,西峰区,62,10,02,
621021,甘肃省,庆阳市,庆城县,62,10,21,
621022,甘肃省,庆阳市,环县,62,10,22,
621023,甘肃省,庆阳市,华池县,62,10,23,
621024,甘肃省,庆阳市,合水县,62,10,24,
621025,甘肃省,庆阳市,正宁县,62,10,25,
621026,甘肃省,庆阳市,宁县,62,10,26,
621027,甘肃省,庆阳市,镇原县,62,10,27,
621102,甘肃省,定西市,安定区,62,11,02,
621121,甘肃省,定西市,通渭县,62,11,21,
621122,甘肃省,定西市,陇西县,62,11,22,
621123,甘肃省,定西市,渭源县,62,11,23,
621124,甘肃省,定西市,临洮县,62,11,24,
621125,甘肃省,定西市,漳县,62,11,25,
621126,甘肃省,定西市,岷县,62,11,26,
621202,甘肃省,陇南市,武都区,62,12,02,
621221,甘肃省,陇南市,成县,62,12,21,
621222,甘肃省,陇南市,文县,62,12,22,
621223,甘肃省,陇南市,宕昌县,62,12,23,
621224,甘肃省,陇南市,康县,62,12,24,
621225,甘肃省,陇南市,西和县,62,12,25,
621226,甘肃省,陇南市,礼县,62,12,26,
621227,甘肃省,陇南市,徽县,62,12,27,
621228,甘肃省,陇南市,两当县,62,12,28,
622901,甘肃省,临夏回族自治州,临夏市,62,29,01,
622921,甘肃省,临夏回族自治州,临夏县,62,29,21,
622922,甘肃省,临夏回族自治州,康乐县,62,29,22,
622923,甘肃省,临夏回族自治州,永靖县,62,29,23,
622924,甘肃省,临夏回族自治州,广河县,62,29,24,
622925,甘肃省,临夏回族自治州,和政县,62,29,25,
622926,甘肃省,临夏回族自治州,东乡族自治县,62,29,26,
622927,甘肃省,临夏回族自治州,积石山保安族东乡族撒拉族自治县,62,29,27,
623001,甘肃省,甘南藏族自治州,合作市,62,30,01,
623021,甘肃省,甘南藏族自治州,临潭县,62,30,21,
623022,甘肃省,甘南藏族自治州,卓尼县,62,30,22,
623023,甘肃省,甘南藏族自治州,舟曲县,62,30,23,
623024,甘肃省,甘南藏族自治州,迭部县,62,30,24,
623025,甘肃省,甘南藏族自治州,玛曲县,62,30,25,
623026,甘肃省,甘南藏族自治州,碌曲县,62,30,26,
623027,甘肃省,甘南藏族自治州,夏河县,62,30,27,
630102,青海省,西宁市,城东区,63,01,02,
630103,青海省,西宁市,城中区,63,01,03,
630104,青海省,西宁市,城西区,63,01,04,
630105,青海省,西宁市,城北区,63,01,05,
630106,青海省,西宁市,湟中区,63,01,06,
630121,青海省,西宁市,大通回族土族自治县,63,01,21,
630123,青海省,西宁市,湟源县,63,01,23,
630202,青海省,海东市,乐都区,63,02,02,
630203,青海省,海东市,平安区,63,02,03,
630222,青海省,海东市,民和回族土族自治县,63,02,22,
630223,青海省,海东市,互助土族自治县,63,02,23,
630224,青海省,海东市,化隆回族自治县,63,02,24,
630225,青海省,海东市,循化撒拉族自治县,63,02,25,
632221,青海省,海北藏族自治州,门源回族自治县,63,22,21,
632222,青海省,海北藏族自治州,祁连县,63,22,22,
632223,青海省,海北藏族自治州,海晏县,63,22,23,
632224,青海省,海北藏族自治州,刚察县,63,22,24,
632301,青海省,黄南藏族自治州,同仁市,63,23,01,
632322,青海省,黄南藏族自治州,尖扎县,63,23,22,
632323,青海省,黄南藏族自治州,泽库县,63,23,23,
632324,青海省,黄南藏族自治州,河南蒙古族自治县,63,23,24,
632521,青海省,海南藏族自治州,共和县,63,25,21,
632522,青海省,海南藏族自治州,同德县,63,25,22,
632523,青海省,海南藏族自治州,贵德县,63,25,23,
632524,青海省,海南藏族自治州,兴海县,63,25,24,
632525,青海省,海南藏族自治州,贵南县,63,25,25,
632621,青海省,果洛藏族自治州,玛沁县,63,26,21,
632622,青海省,果洛藏族自治州,班玛县,63,26,22,
632623,青海省,果洛藏族自治州,甘德县,63,26,23,
632624,青海省,果洛藏族自治州,达日县,63,26,24,
632625,青海省,果洛藏族自治州,久治县,63,26,25,
632626,青海省,果洛藏族自治州,玛多县,63,26,26,
632701,青海省,玉树藏族自治州,玉树市,63,27,01,
632722,青海省,玉树藏族自治州,杂多县,63,27,22,
632723,青海省,玉树藏族自治州,称多县,63,27,23,
632724,青海省,玉树藏族自治州,治多县,63,27,24,
632725,青海省,玉树藏族自治州,囊谦县,63,27,25,
632726,青海省,玉树藏族自治州,曲麻莱县,63,27,26,
632801,青海省,海西蒙古族藏族自治州,格尔木市,63,28,01,
632802,青海省,海西蒙古族藏族自治州,德令哈市,63,28,02,
632803,青海省,海西蒙古族藏族自治州,茫崖市,63,28,03,
632821,青海省,海西蒙古族藏族自治州,乌兰县,63,28,21,
632822,青海省,海西蒙古族藏族自治州,都兰县,63,28,22,
632823,青海省,海西蒙古族藏族自治州,天峻县,63,28,23,
640104,宁夏回族自治区,银川市,兴庆区,64,01,04,
640105,宁夏回族自治区,银川市,西夏区,64,01,05,
640106,宁夏回族自治区,银川市,金凤区,64,01,06,
640121,宁夏回族自治区,银川市,永宁县,64,01,21,
640122,宁夏回族自治区,银川市,贺兰县,64,01,22,
640181,宁夏回族自治区,银川市,灵武市,64,01,81,
640202,宁夏回族自治区,石嘴山市,大武口区,64,02,02,
640205,宁夏回族自治区,石嘴山市,惠农区,64,02,05,
640221,宁夏回族自治区,石嘴山市,平罗县,64,02,21,
640302,宁夏回族自治区,吴忠市,利通区,64,03,02,
640303,宁夏回族自治区,吴忠市,红寺堡区,64,03,03,
640323,宁夏回族自治区,吴忠市,盐池县,64,03,23,
640324,宁夏回族自治区,吴忠市,同心县,64,03,24,
640381,宁夏回族自治区,吴忠市,青铜峡市,64,03,81,
640402,宁夏回族自治区,固原市,原州区,64,04,02,
640422,宁夏回族自治区,固原市,西吉县,64,04,22,
640423,宁夏回族自治区,固原市,隆德县,64,04,23,
640424,宁夏回族自治区,固原市,泾源县,64,04,24,
640425,宁夏回族自治区,固原市,彭阳县,64,04,25,
640502,宁夏回族自治区,中卫市,沙坡头区,64,05,02,
640521,宁夏回族自治区,中卫市,中宁县,64,05,21,
640522,宁夏回族自治区,中卫市,海原县,64,05,22,
650102,新疆维吾尔自治区,乌鲁木齐市,天山区,65,01,02,
650103,新疆维吾尔自治区,乌鲁木齐市,沙依巴克区,65,01,03,
650104,新疆维吾尔自治区,乌鲁木齐市,新市区,65,01,04,
650105,新疆维吾尔自治区,乌鲁木齐市,水磨沟区,65,01,05,
650106,新疆维吾尔自治区,乌鲁木齐市,头屯河区,65,01,06,
650107,新疆维吾尔自治区,乌鲁木齐市,达坂城区,65,01,07,
650109,新疆维吾尔自治区,乌鲁木齐市,米东区,65,01,09,
650121,新疆维吾尔自治区,乌鲁木齐市,乌鲁木齐县,65,01,21,
650202,新疆维吾尔自治区,克拉玛依市,独山子区,65,02,02,
650203,新疆维吾尔自治区,克拉玛依市,克拉玛依区,65,02,03,
650204,新疆维吾尔自治区,克拉玛依市,白碱滩区,65,02,04,
650205,新疆维吾尔自治区,克拉玛依市,乌尔禾区,65,02,05,
650402,新疆维吾尔自治区,吐鲁番市,高昌区,65,04,02,
650421,新疆维吾尔自治区,吐鲁番市,鄯善县,65,04,21,
650422,新疆维吾尔自治区,吐鲁番市,托克逊县,65,04,22,
650502,新疆维吾尔自治区,哈密市,伊州区,65,05,02,
650521,新疆维吾尔自治区,哈密市,巴里坤哈萨克自治县,65,05,21,
650522,新疆维吾尔自治区,哈密市,伊吾县,65,05,22,
652301,新疆维吾尔自治区,昌吉回族自治州,昌吉市,65,23,01,
652302,新疆维吾尔自治区,昌吉回族自治州,阜康市,65,23,02,
652323,新疆维吾尔自治区,昌吉回族自治州,呼图壁县,65,23,23,
652324,新疆维吾尔自治区,昌吉回族自治州,玛纳斯县,65,23,24,
652325,新疆维吾尔自治区,昌吉回族自治州,奇台县,65,23,25,
652327,新疆维吾尔自治区,昌吉回族自治州,吉木萨尔县,65,23,27,
652328,新疆维吾尔自治区,昌吉回族自治州,木垒哈萨克自治县,65,23,28,
652701,新疆维吾尔自治区,博尔塔拉蒙古自治州,博乐市,65,27,01,
652702,新疆维吾尔自治区,博尔塔拉蒙古自治州,阿拉山口市,65,27,02,
652722,新疆维吾尔自治区,博尔塔拉蒙古自治州,精河县,65,27,22,
652723,新疆维吾尔自治区,博尔塔拉蒙古自治州,温泉县,65,27,23,
652801,新疆维吾尔自治区,巴音郭楞蒙古自治州,库尔勒市,65,28,01,
652822,新疆维吾尔自治区,巴音郭楞蒙古自治州,轮台县,65,28,22,
652823,新疆维吾尔自治区,巴音郭楞蒙古自治州,尉犁县,65,28,23,
652824,新疆维吾尔自治区,巴音郭楞蒙古自治州,若羌县,65,28,24,
652825,新疆维吾尔自治区,巴音郭楞蒙古自治州,且末县,65,28,25,
652826,新疆维吾尔自治区,巴音郭楞蒙古自治州,焉耆回族自治县,65,28,26,
652827,新疆维吾尔自治区,巴音郭楞蒙古自治州,和静县,65,28,27,
652828,新疆维吾尔自治区,巴音郭楞蒙古自治州,和硕县,65,28,28,
652829,新疆维吾尔自治区,巴音郭楞蒙古自治州,博湖县,65,28,29,
652901,新疆维吾尔自治区,阿克苏地区,阿克苏市,65,29,01,
652902,新疆维吾尔自治区,阿克苏地区,库车市,65,29,02,
652922,新疆维吾尔自治区,阿克苏地区,温宿县,65,29,22,
652924,新疆维吾尔自治区,阿克苏地区,沙雅县,65,29,24,
652925,新疆维吾尔自治区,阿克苏地区,新和县,65,29,25,
652926,新疆维吾尔自治区,阿克苏地区,拜城县,65,29,26,
652927,新疆维吾尔自治区,阿克苏地区,乌什县,65,29,27,
652928,新疆维吾尔自治区,阿克苏地区,阿瓦提县,65,29,28,
652929,新疆维吾尔自治区,阿克苏地区,柯坪县,65,29,29,
653001,新疆维吾尔自治区,克孜勒苏柯尔克孜自治州,阿图什市,65,30,01,
653022,新疆维吾尔自治区,克孜勒苏柯尔克孜自治州,阿克陶县,65,30,22,
653023,新疆维吾尔自治区,克孜勒苏柯尔克孜自治州,阿合奇县,65,30,23,
653024,新疆维吾尔自治区,克孜勒苏柯尔克孜自治州,乌恰县,65,30,24,
653101,新疆维吾尔自治区,喀什地区,喀什市,65,31,01,
653121,新疆维吾尔自治区,喀什地区,疏附县,65,31,21,
653122,新疆维吾尔自治区,喀什地区,疏勒县,65,31,22,
653123,新疆维吾尔自治区,喀什地区,英吉沙县,65,31,23,
653124,新疆维吾尔自治区,喀什地区,泽普县,65,31,24,
653125,新疆维吾尔自治区,喀什地区,莎车县,65,31,25,
653126,新疆维吾尔自治区,喀什地区,叶城县,65,31,26,
653127,新疆维吾尔自治区,喀什地区,麦盖提县,65,31,27,
653128,新疆维吾尔自治区,喀什地区,岳普湖县,65,31,28,
653129,新疆维吾尔自治区,喀什地区,伽师县,65,31,29,
653130,新疆维吾尔自治区,喀什地区,巴楚县,65,31,30,
653131,新疆维吾尔自治区,喀什地区,塔什库尔干塔吉克自治县,65,31,31,
653201,新疆维吾尔自治区,和田地区,和田市,65,32,01,
653221,新疆维吾尔自治区,和田地区,和田县,65,32,21,
653222,新疆维吾尔自治区,和田地区,墨玉县,65,32,22,
653223,新疆维吾尔自治区,和田地区,皮山县,65,32,23,
653224,新疆维吾尔自治区,和田地区,洛浦县,65,32,24,
653225,新疆维吾尔自治区,和田地区,策勒县,65,32,25,
653226,新疆维吾尔自治区,和田地区,于田县,65,32,26,
653227,新疆维吾尔自治区,和田地区,民丰县,65,32,27,
654002,新疆维吾尔自治区,伊犁哈萨克自治州,伊宁市,65,40,02,
654003,新疆维吾尔自治区,伊犁哈萨克自治州,奎屯市,65,40,03,
654004,新疆维吾尔自治区,伊犁哈萨克自治州,霍尔果斯市,65,40,04,
654021,新疆维吾尔自治区,伊犁哈萨克自治州,伊宁县,65,40,21,
654022,新疆维吾尔自治区,伊犁哈萨克自治州,察布查尔锡伯自治县,65,40,22,
654023,新疆维吾尔自治区,伊犁哈萨克自治州,霍城县,65,40,23,
654024,新疆维吾尔自治区,伊犁哈萨克自治州,巩留县,65,40,24,
654025,新疆维吾尔自治区,伊犁哈萨克自治州,新源县,65,40,25,
654026,新疆维吾尔自治区,伊犁哈萨克自治州,昭苏县,65,40,26,
654027,新疆维吾尔自治区,伊犁哈萨克自治州,特克斯县,65,40,27,
654028,新疆维吾尔自治区,伊犁哈萨克自治州,尼勒克县,65,40,28,
654201,新疆维吾尔自治区,塔城地区,塔城市,65,42,01,
654202,新疆维吾尔自治区,塔城地区,乌苏市,65,42,02,
654221,新疆维吾尔自治区,塔城地区,额敏县,65,42,21,
654223,新疆维吾尔自治区,塔城地区,沙湾县,65,42,23,
654224,新疆维吾尔自治区,塔城地区,托里县,65,42,24,
654225,新疆维吾尔自治区,塔城地区,裕民县,65,42,25,
654226,新疆维吾尔自治区,塔城地区,和布克赛尔蒙古自治县,65,42,26,
654301,新疆维吾尔自治区,阿勒泰地区,阿勒泰市,65,43,01,
654321,新疆维吾尔自治区,阿勒泰地区,布尔津县,65,43,21,
654322,新疆维吾尔自治区,阿勒泰地区,富蕴县,65,43,22,
654323,新疆维吾尔自治区,阿勒泰地区,福海县,65,43,23,
654324,新疆维吾尔自治区,阿勒泰地区,哈巴河县,65,43,24,
654325,新疆维吾尔自治区,阿勒泰地区,青河县,65,43,25,
654326,新疆维吾尔自治区,阿勒泰地区,吉木乃县,65,43,26,
659001,新疆维吾尔自治区,阿勒泰地区,石河子市,65,90,01,
659002,新疆维吾尔自治区,阿勒泰地区,阿拉尔市,65,90,02,
659003,新疆维吾尔自治区,阿勒泰地区,图木舒克市,65,90,03,
659004,新疆维吾尔自治区,阿勒泰地区,五家渠市,65,90,04,
659005,新疆维吾尔自治区,阿勒泰地区,北屯市,65,90,05,
659006,新疆维吾尔自治区,阿勒泰地区,铁门关市,65,90,06,
659007,新疆维吾尔自治区,阿勒泰地区,双河市,65,90,07,
659008,新疆维吾尔自治区,阿勒泰地区,可克达拉市,65,90,08,
659009,新疆维吾尔自治区,阿勒泰地区,昆玉市,65,90,09,
659010,新疆维吾尔自治区,阿勒泰地区,胡杨河市,65,90,10,
710000,台湾省,,,71,00,00,
810000,香港特别行政区,,,81,00,00,
820000,澳门特别行政区,,,82,00,00,
,,,,,,,
,,,,,,,
,,,,,,,
,,,,,,,
